Date,Stock,Model,Index,Actual,Predicted,Error
2024-03-19,0288.HK,Linear Regression,0,4.743656635284424,4.577026718281545,0.16662991700287844
2024-03-20,0288.HK,Linear Regression,1,4.6466827392578125,4.732953887213731,0.08627114795591861
2024-03-21,0288.HK,Linear Regression,2,4.5981950759887695,4.657866577757533,0.059671501768763235
2024-03-22,0288.HK,Linear Regression,3,4.5981950759887695,4.596904550517293,0.0012905254714761227
2024-03-25,0288.HK,Linear Regression,4,4.638601303100586,4.566157612625512,0.07244369047507426
2024-03-26,0288.HK,Linear Regression,5,4.711331367492676,4.632133902674792,0.07919746481788348
2024-03-27,0288.HK,Linear Regression,6,4.804207801818848,4.70190032229669,0.10230747952215768
2024-03-28,0288.HK,Linear Regression,7,4.686002731323242,4.7606518551249195,0.07464912380167732
2024-04-02,0288.HK,Linear Regression,8,4.753548622131348,4.6693136646162925,0.08423495751505516
2024-04-03,0288.HK,Linear Regression,9,4.745105266571045,4.752103543638407,0.006998277067362224
2024-04-05,0288.HK,Linear Regression,10,4.728218078613281,4.756142978698993,0.027924900085711357
2024-04-08,0288.HK,Linear Regression,11,4.745105266571045,4.725105271213635,0.01999999535741015
2024-04-09,0288.HK,Linear Regression,12,4.753548622131348,4.749959164253003,0.0035894578783448594
2024-04-10,0288.HK,Linear Regression,13,4.753548622131348,4.753681042487122,0.0001324203557739878
2024-04-11,0288.HK,Linear Regression,14,4.778878211975098,4.748234100429113,0.030644111545984565
2024-04-12,0288.HK,Linear Regression,15,4.787321090698242,4.756777134383153,0.030543956315089105
2024-04-15,0288.HK,Linear Regression,16,4.626899719238281,4.789346907503805,0.1624471882655234
2024-04-16,0288.HK,Linear Regression,17,4.550909996032715,4.599936418289774,0.04902642225705911
2024-04-17,0288.HK,Linear Regression,18,4.491807460784912,4.545215580773309,0.05340811998839712
2024-04-18,0288.HK,Linear Regression,19,4.491807460784912,4.489244165546824,0.0025632952380885143
2024-04-19,0288.HK,Linear Regression,20,4.534023761749268,4.49933298090681,0.03469078084245769
2024-04-22,0288.HK,Linear Regression,21,4.601569652557373,4.52820905436638,0.07336059819099283
2024-04-23,0288.HK,Linear Regression,22,4.534023761749268,4.602137510918405,0.0681137491691377
2024-04-24,0288.HK,Linear Regression,23,4.491807460784912,4.5203274422376625,0.028519981452750365
2024-04-25,0288.HK,Linear Regression,24,4.356715679168701,4.501093521228057,0.144377842059356
2024-04-26,0288.HK,Linear Regression,25,4.280726909637451,4.3612781580484326,0.08055124841098138
2024-04-29,0288.HK,Linear Regression,26,4.365158557891846,4.2789867435625855,0.08617181432926024
2024-04-30,0288.HK,Linear Regression,27,4.365158557891846,4.37800585905037,0.012847301158524616
2024-05-02,0288.HK,Linear Regression,28,4.415817737579346,4.361820101400589,0.053997636178756636
2024-05-03,0288.HK,Linear Regression,29,4.458034515380859,4.415596477898013,0.0424380374828468
2024-05-06,0288.HK,Linear Regression,30,4.449590682983398,4.457537847989695,0.00794716500629633
2024-05-07,0288.HK,Linear Regression,31,4.390488624572754,4.450704238692299,0.0602156141195449
2024-05-08,0288.HK,Linear Regression,32,4.280726909637451,4.384379498106836,0.10365258846938463
2024-05-09,0288.HK,Linear Regression,33,4.407375335693359,4.297634780221452,0.10974055547190709
2024-05-10,0288.HK,Linear Regression,34,4.373601913452148,4.395243341770005,0.021641428317856537
2024-05-13,0288.HK,Linear Regression,35,4.348272800445557,4.371443018777563,0.023170218332006165
2024-05-14,0288.HK,Linear Regression,36,4.289169788360596,4.356846567210712,0.06767677885011647
2024-05-16,0288.HK,Linear Regression,37,4.339829444885254,4.287705627119768,0.05212381776548547
2024-05-17,0288.HK,Linear Regression,38,4.331385612487793,4.347416167384164,0.016030554896371285
2024-05-20,0288.HK,Linear Regression,39,4.407375335693359,4.344529650737649,0.06284568495571019
2024-05-21,0288.HK,Linear Regression,40,4.424262046813965,4.413056743614164,0.011205303199800731
2024-05-22,0288.HK,Linear Regression,41,4.297613143920898,4.415300804580173,0.11768766065927494
2024-05-23,0288.HK,Linear Regression,42,4.27228307723999,4.298765626474912,0.026482549234922104
2024-05-24,0288.HK,Linear Regression,43,4.230066776275635,4.282613070918447,0.05254629464281191
2024-05-27,0288.HK,Linear Regression,44,4.154077529907227,4.238000660201539,0.08392313029431264
2024-05-28,0288.HK,Linear Regression,45,4.204737186431885,4.162487503142789,0.04224968328909551
2024-05-29,0288.HK,Linear Regression,46,4.424262046813965,4.2073049257745225,0.2169571210394423
2024-05-30,0288.HK,Linear Regression,47,4.415817737579346,4.440153304221452,0.024335566642106343
2024-05-31,0288.HK,Linear Regression,48,4.550909996032715,4.404668129198119,0.14624186683459595
2024-06-03,0288.HK,Linear Regression,49,4.51713752746582,4.552373262799915,0.035235735334095075
2024-06-04,0288.HK,Linear Regression,50,4.550909996032715,4.508055631243774,0.04285436478894056
2024-06-05,0288.HK,Linear Regression,51,4.415817737579346,4.5501146223826785,0.1342968848033328
2024-06-06,0288.HK,Linear Regression,52,4.424262046813965,4.39964976267586,0.024612284138104457
2024-06-07,0288.HK,Linear Regression,53,4.474921703338623,4.436603190745796,0.03831851259282715
2024-06-11,0288.HK,Linear Regression,54,4.415817737579346,4.471723825420829,0.055906087841483654
2024-06-12,0288.HK,Linear Regression,55,4.331385612487793,4.422054596104699,0.09066898361690612
2024-06-13,0288.HK,Linear Regression,56,4.196293354034424,4.3455660279256385,0.14927267389121468
2024-06-14,0288.HK,Linear Regression,57,4.27228307723999,4.203313570010647,0.06896950722934303
2024-06-17,0288.HK,Linear Regression,58,4.187850475311279,4.292160868973781,0.10431039366250161
2024-06-18,0288.HK,Linear Regression,59,4.289169788360596,4.170973834119142,0.1181959542414539
2024-06-19,0288.HK,Linear Regression,60,4.2385101318359375,4.29748675361276,0.05897662177682239
2024-06-20,0288.HK,Linear Regression,61,4.213180541992188,4.209080851079049,0.00409969091313922
2024-06-21,0288.HK,Linear Regression,62,4.339829444885254,4.2114360189681435,0.12839342591711045
2024-06-24,0288.HK,Linear Regression,63,4.398931980133057,4.330300734398622,0.06863124573443447
2024-06-25,0288.HK,Linear Regression,64,4.458034515380859,4.412394969037049,0.04563954634381062
2024-06-26,0288.HK,Linear Regression,65,4.407375335693359,4.437850448719741,0.03047511302638206
2024-06-27,0288.HK,Linear Regression,66,4.441148281097412,4.413286501520329,0.027861779577083468
2024-06-28,0288.HK,Linear Regression,67,4.441148281097412,4.4652423666116645,0.024094085514252406
2024-07-02,0288.HK,Linear Regression,68,4.432705402374268,4.436218168606411,0.0035127662321432496
2024-07-03,0288.HK,Linear Regression,69,4.804207801818848,4.442126607353533,0.36208119446531484
2024-07-04,0288.HK,Linear Regression,70,4.753548622131348,4.7977193235682805,0.0441707014369328
2024-07-05,0288.HK,Linear Regression,71,4.753548622131348,4.7286827491273336,0.024865873004014105
2024-07-08,0288.HK,Linear Regression,72,4.694445610046387,4.72475241397997,0.030306803933583204
2024-07-09,0288.HK,Linear Regression,73,4.702888488769531,4.692944808628217,0.009943680141314637
2024-07-10,0288.HK,Linear Regression,74,4.677558898925781,4.692186362834553,0.014627463908771787
2024-07-11,0288.HK,Linear Regression,75,4.6437859535217285,4.672296728893739,0.028510775372010855
2024-07-12,0288.HK,Linear Regression,76,4.702888488769531,4.6386923300465295,0.06419615872300177
2024-07-15,0288.HK,Linear Regression,77,4.702888488769531,4.700092107076116,0.0027963816934155616
2024-07-16,0288.HK,Linear Regression,78,4.771670341491699,4.693708235985288,0.07796210550641103
2024-07-17,0288.HK,Linear Regression,79,4.68569278717041,4.781522112838399,0.09582932566798874
2024-07-18,0288.HK,Linear Regression,80,4.788865089416504,4.681443669275497,0.10742142014100686
2024-07-19,0288.HK,Linear Regression,81,4.8834381103515625,4.7855207268780005,0.09791738347356205
2024-07-22,0288.HK,Linear Regression,82,4.866243839263916,4.862581981313596,0.0036618579503198134
2024-07-23,0288.HK,Linear Regression,83,4.814657688140869,4.861346927607398,0.04668923946652903
2024-07-24,0288.HK,Linear Regression,84,4.857645511627197,4.796406627119194,0.06123888450800319
2024-07-25,0288.HK,Linear Regression,85,4.909231185913086,4.848371189710607,0.060859996202478506
2024-07-26,0288.HK,Linear Regression,86,4.909231185913086,4.898010125315596,0.011221060597489618
2024-07-29,0288.HK,Linear Regression,87,4.935024261474609,4.918868884938993,0.016155376535616384
2024-07-30,0288.HK,Linear Regression,88,4.9436211585998535,4.91794239108769,0.025678767512163247
2024-07-31,0288.HK,Linear Regression,89,4.952219486236572,4.9241060032729,0.028113482963672
2024-08-01,0288.HK,Linear Regression,90,5.0381951332092285,4.954879169585457,0.0833159636237717
2024-08-02,0288.HK,Linear Regression,91,5.05539083480835,5.027848646791656,0.02754218801669328
2024-08-05,0288.HK,Linear Regression,92,5.089781284332275,5.02367383047155,0.06610745386072558
2024-08-06,0288.HK,Linear Regression,93,5.132769107818604,5.062033726739332,0.07073538107927213
2024-08-07,0288.HK,Linear Regression,94,5.167159080505371,5.125218460972586,0.041940619532785384
2024-08-08,0288.HK,Linear Regression,95,5.210147380828857,5.130761873911758,0.07938550691709967
2024-08-09,0288.HK,Linear Regression,96,5.270330905914307,5.203858962366848,0.06647194354745878
2024-08-12,0288.HK,Linear Regression,97,5.261733055114746,5.256758423773036,0.004974631341710278
2024-08-13,0288.HK,Linear Regression,98,5.433685302734375,5.253145926398954,0.18053937633542105
2024-08-14,0288.HK,Linear Regression,99,5.2875261306762695,5.420023319383742,0.13249718870747262
2024-08-15,0288.HK,Linear Regression,100,5.296123504638672,5.271100468833737,0.025023035804935034
2024-08-16,0288.HK,Linear Regression,101,5.476672649383545,5.290787272829585,0.1858853765539603
2024-08-19,0288.HK,Linear Regression,102,5.373501777648926,5.463263560841687,0.08976178319276151
2024-08-20,0288.HK,Linear Regression,103,5.468076229095459,5.353471480106514,0.11460474898894457
2024-08-21,0288.HK,Linear Regression,104,5.536856651306152,5.446242017630968,0.09061463367518474
2024-08-22,0288.HK,Linear Regression,105,5.270330905914307,5.521758063185323,0.2514271572710163
2024-08-23,0288.HK,Linear Regression,106,5.313318729400635,5.251608467868122,0.06171026153251269
2024-08-26,0288.HK,Linear Regression,107,5.33051347732544,5.297951209179227,0.032562268146213214
2024-08-27,0288.HK,Linear Regression,108,5.210147380828857,5.336408304727025,0.126260923898168
2024-08-28,0288.HK,Linear Regression,109,5.10697603225708,5.189225956885092,0.0822499246280115
2024-08-29,0288.HK,Linear Regression,110,5.158561706542969,5.096081720871917,0.06247998567105206
2024-08-30,0288.HK,Linear Regression,111,5.17575740814209,5.160741076430034,0.015016331712056186
2024-09-02,0288.HK,Linear Regression,112,5.244537830352783,5.1608131203349235,0.08372471001785975
2024-09-03,0288.HK,Linear Regression,113,5.304720878601074,5.226806534078412,0.07791434452266266
2024-09-04,0288.HK,Linear Regression,114,5.304720878601074,5.298836073611722,0.00588480498935251
2024-09-05,0288.HK,Linear Regression,115,5.321916580200195,5.2674271558974,0.05448942430279491
2024-09-09,0288.HK,Linear Regression,116,5.390697479248047,5.30546436092102,0.08523311832702696
2024-09-10,0288.HK,Linear Regression,117,5.399294853210449,5.384904106903704,0.014390746306744973
2024-09-11,0288.HK,Linear Regression,118,5.416490077972412,5.379802741644493,0.036687336327918985
2024-09-12,0288.HK,Linear Regression,119,5.399294853210449,5.402266275930156,0.002971422719706851
2024-09-13,0288.HK,Linear Regression,120,5.485271453857422,5.395022131057179,0.09024932280024256
2024-09-16,0288.HK,Linear Regression,121,5.210147380828857,5.472657089631492,0.2625097088026349
2024-09-17,0288.HK,Linear Regression,122,5.244537830352783,5.216466492047902,0.02807133830488162
2024-09-19,0288.HK,Linear Regression,123,5.235940456390381,5.239953333924753,0.004012877534371739
2024-09-20,0288.HK,Linear Regression,124,5.167159080505371,5.219909038012001,0.05274995750662992
2024-09-23,0288.HK,Linear Regression,125,5.124171733856201,5.173970795694245,0.04979906183804417
2024-09-24,0288.HK,Linear Regression,126,5.296123504638672,5.101490783944439,0.19463272069423265
2024-09-25,0288.HK,Linear Regression,127,5.347709655761719,5.2706646231025225,0.07704503265919627
2024-09-26,0288.HK,Linear Regression,128,5.296123504638672,5.345296999204981,0.04917349456630937
2024-09-27,0288.HK,Linear Regression,129,5.22734260559082,5.268689633059127,0.04134702746830676
2024-09-30,0288.HK,Linear Regression,130,5.347709655761719,5.222314060047798,0.125395595713921
2024-10-02,0288.HK,Linear Regression,131,5.244537830352783,5.3492933563251235,0.10475552597234028
2024-10-03,0288.HK,Linear Regression,132,5.304720878601074,5.242755619506504,0.06196525909457051
2024-10-04,0288.HK,Linear Regression,133,5.373501777648926,5.30682154855106,0.06668022909786586
2024-10-07,0288.HK,Linear Regression,134,5.45088005065918,5.382202730559947,0.06867732009923255
2024-10-08,0288.HK,Linear Regression,135,5.528258323669434,5.4302574745136285,0.09800084915580509
2024-10-09,0288.HK,Linear Regression,136,5.528258323669434,5.531598013371348,0.003339689701914672
2024-10-10,0288.HK,Linear Regression,137,5.40789270401001,5.513466876075025,0.1055741720650154
2024-10-14,0288.HK,Linear Regression,138,5.425086975097656,5.392215193153708,0.03287178194394791
2024-10-15,0288.HK,Linear Regression,139,5.33051347732544,5.39668247497405,0.06616899764860928
2024-10-16,0288.HK,Linear Regression,140,5.364903926849365,5.338663419757576,0.02624050709178949
2024-10-17,0288.HK,Linear Regression,141,5.339111328,5.346959016091222,0.007847688091221272
2024-10-18,0288.HK,Linear Regression,142,5.304720878601074,5.319366300841768,0.014645422240693762
2024-10-21,0288.HK,Linear Regression,143,5.382099628448486,5.296135565075884,0.08596406337260198
2024-10-22,0288.HK,Linear Regression,144,5.339111328,5.3940583120622625,0.05494698406226206
2024-10-23,0288.HK,Linear Regression,145,5.45947790145874,5.321686080188912,0.13779182126982814
2024-10-24,0288.HK,Linear Regression,146,5.476672649383545,5.4485692358643725,0.02810341351917245
2024-10-25,0288.HK,Linear Regression,147,5.373501777648926,5.469079697650086,0.09557792000116017
2024-10-28,0288.HK,Linear Regression,148,5.373501777648926,5.365885256991112,0.007616520657813375
2024-10-29,0288.HK,Linear Regression,149,5.476672649383545,5.347010909043741,0.12966174033980415
2024-10-30,0288.HK,Linear Regression,150,5.562649250030518,5.481701591895607,0.08094765813491023
2024-10-31,0288.HK,Linear Regression,151,5.674417972564697,5.554787425169928,0.11963054739476942
2024-11-01,0288.HK,Linear Regression,152,5.597040176391602,5.654020372940358,0.05698019654875619
2024-11-04,0288.HK,Linear Regression,153,5.511063575744629,5.579679701071303,0.06861612532667394
2024-11-05,0288.HK,Linear Regression,154,5.382099628448486,5.512503447307661,0.13040381885917451
2024-11-06,0288.HK,Linear Regression,155,5.442283153533936,5.380433599539098,0.06184955399483805
2024-11-07,0288.HK,Linear Regression,156,5.244537830352783,5.437786428061724,0.19324859770894065
2024-11-08,0288.HK,Linear Regression,157,5.158561706542969,5.232861061054338,0.07429935451136949
2024-11-11,0288.HK,Linear Regression,158,5.089781284332275,5.144643843796632,0.054862559464356586
2024-11-12,0288.HK,Linear Regression,159,5.098378658294678,5.08905505692829,0.00932360136638799
2024-11-13,0288.HK,Linear Regression,160,5.132769107818604,5.094643936389517,0.03812517142908778
2024-11-14,0288.HK,Linear Regression,161,5.132769107818604,5.12935176600414,0.003417341814464514
2024-11-15,0288.HK,Linear Regression,162,5.17575740814209,5.120377683286447,0.055379724855642465
2024-11-18,0288.HK,Linear Regression,163,5.10697603225708,5.1660752595456865,0.05909922728860639
2024-11-19,0288.HK,Linear Regression,164,5.141366481781006,5.088176220780641,0.05319026100036517
2024-11-20,0288.HK,Linear Regression,165,5.05539083480835,5.151215469457248,0.09582463464889823
2024-11-21,0288.HK,Linear Regression,166,4.9780120849609375,5.039410440065286,0.06139835510434821
2024-11-22,0288.HK,Linear Regression,167,5.124171733856201,4.99327964559756,0.13089208825864151
2024-11-25,0288.HK,Linear Regression,168,5.029597759246826,5.121196135338194,0.09159837609136812
2024-11-26,0288.HK,Linear Regression,169,5.081183433532715,5.039292596447244,0.0418908370854707
2024-11-27,0288.HK,Linear Regression,170,4.986610412597656,5.087333713267944,0.10072330067028812
2024-11-28,0288.HK,Linear Regression,171,5.115573406219482,4.984316186868081,0.13125721935140167
2024-11-29,0288.HK,Linear Regression,172,5.149964332580566,5.1116944686657515,0.038269863914814906
2024-12-02,0288.HK,Linear Regression,173,5.124171733856201,5.139648791051747,0.015477057195545818
2024-12-03,0288.HK,Linear Regression,174,5.192952156066895,5.105311778308153,0.087640377758742
2024-12-04,0288.HK,Linear Regression,175,5.33051347732544,5.1669196668454775,0.1635938104799628
2024-12-05,0288.HK,Linear Regression,176,5.57124662399292,5.317744665029124,0.25350195896379635
2024-12-06,0288.HK,Linear Regression,177,5.562649250030518,5.556527586091829,0.006121663938688293
2024-12-09,0288.HK,Linear Regression,178,5.347709655761719,5.545530864255271,0.19782120849355245
2024-12-10,0288.HK,Linear Regression,179,5.364903926849365,5.350271119263836,0.014632807585528873
2024-12-11,0288.HK,Linear Regression,180,5.364903926849365,5.371570826329539,0.00666689948017396
2024-12-12,0288.HK,Linear Regression,181,5.244537830352783,5.380304004786877,0.1357661744340941
2024-12-13,0288.HK,Linear Regression,182,5.356306552886963,5.256156367501413,0.10015018538554976
2024-12-16,0288.HK,Linear Regression,183,5.33051347732544,5.360466395484106,0.029952918158665298
2024-12-17,0288.HK,Linear Regression,184,5.373501777648926,5.306098712405669,0.06740306524325668
2024-12-18,0288.HK,Linear Regression,185,5.2875261306762695,5.376727634182465,0.08920150350619505
2024-12-19,0288.HK,Linear Regression,186,5.253135681152344,5.273224323319975,0.0200886421676314
2024-12-20,0288.HK,Linear Regression,187,5.22734260559082,5.242711626808297,0.015369021217476408
2024-12-23,0288.HK,Linear Regression,188,5.132769107818604,5.199581447428893,0.06681233961028887
2024-12-24,0288.HK,Linear Regression,189,5.313318729400635,5.135215501388775,0.17810322801186018
2024-12-27,0288.HK,Linear Regression,190,5.244537830352783,5.303227705320374,0.05868987496759104
2024-12-30,0288.HK,Linear Regression,191,5.124171733856201,5.224690895141492,0.10051916128529115
2024-12-31,0288.HK,Linear Regression,192,5.05539083480835,5.134621505875217,0.07923067106686776
2025-01-02,0288.HK,Linear Regression,193,5.130169868469238,5.056191129741659,0.07397873872757899
2025-01-03,0288.HK,Linear Regression,194,5.190525531768799,5.145364183990158,0.04516134777864078
2025-01-06,0288.HK,Linear Regression,195,5.225013732910156,5.1736982529873705,0.051315479922785734
2025-01-07,0288.HK,Linear Regression,196,5.328479290008545,5.224299614449471,0.10417967555907381
2025-01-08,0288.HK,Linear Regression,197,5.319857120513916,5.300917584366003,0.018939536147913216
2025-01-09,0288.HK,Linear Regression,198,5.414700984954834,5.292120448615853,0.12258053633898136
2025-01-10,0288.HK,Linear Regression,199,5.388834476470947,5.395577153874933,0.006742677403985375
2025-01-13,0288.HK,Linear Regression,200,5.509544372558594,5.376506093965546,0.13303827859304818
2025-01-14,0288.HK,Linear Regression,201,5.466433525085449,5.491612322917777,0.025178797832327682
2025-01-15,0288.HK,Linear Regression,202,5.500922679901123,5.431776026676451,0.06914665322467162
2025-01-16,0288.HK,Linear Regression,203,5.6043877601623535,5.513759155975217,0.09062860418713647
2025-01-17,0288.HK,Linear Regression,204,5.811318874359131,5.6025334374910045,0.20878543686812634
2025-01-20,0288.HK,Linear Regression,205,5.906162261962891,5.793202600159323,0.11295966180356753
2025-01-21,0288.HK,Linear Regression,206,5.957895278930664,5.879942601290252,0.07795267764041203
2025-01-22,0288.HK,Linear Regression,207,5.957895278930664,5.946298568941424,0.011596709989239784
2025-01-23,0288.HK,Linear Regression,208,5.957895278930664,5.92585772104933,0.03203755788133389
2025-01-24,0288.HK,Linear Regression,209,5.914784908294678,5.933530904904008,0.018745996609330184
2025-01-27,0288.HK,Linear Regression,210,5.950202465057373,5.911772622048335,0.0384298430090384
2025-01-28,0288.HK,Linear Regression,211,5.799676895141602,5.935136949578412,0.13546005443681075
2025-02-03,0288.HK,Linear Regression,212,5.932493209838867,5.781207052552203,0.1512861572866644
2025-02-04,0288.HK,Linear Regression,213,5.941347599029541,5.921661844176775,0.019685754852766024
2025-02-05,0288.HK,Linear Regression,214,6.038747310638428,5.949618195633719,0.08912911500470866
2025-02-06,0288.HK,Linear Regression,215,6.003329277038574,6.004517233664602,0.0011879566260279972
2025-02-07,0288.HK,Linear Regression,216,5.985620498657227,5.983898829749398,0.001721668907828544
2025-02-10,0288.HK,Linear Regression,217,5.9679107666015625,5.962816788208071,0.005093978393491128
2025-02-11,0288.HK,Linear Regression,218,5.897075176239014,5.945094361335944,0.048019185096930705
2025-02-12,0288.HK,Linear Regression,219,6.127291202545166,5.864787307050413,0.2625038954947527
2025-02-13,0288.HK,Linear Regression,220,6.16270923614502,6.111080504253086,0.05162873189193462
2025-02-14,0288.HK,Linear Regression,221,6.198127269744873,6.122874074574538,0.07525319517033502
2025-02-17,0288.HK,Linear Regression,222,6.322090148925781,6.182651474107837,0.13943867481794392
2025-02-18,0288.HK,Linear Regression,223,6.2423996925354,6.2917925637381815,0.04939287120278113
2025-02-19,0288.HK,Linear Regression,224,6.437198162078857,6.230173721539385,0.2070244405394721
2025-02-20,0288.HK,Linear Regression,225,6.454906940460205,6.411126141841028,0.04378079861917694
2025-02-21,0288.HK,Linear Regression,226,5.897075176239014,6.425468692631518,0.5283935163925042
2025-02-24,0288.HK,Linear Regression,227,5.959056854248047,5.863788252712344,0.09526860153570293
2025-02-25,0288.HK,Linear Regression,228,5.773113250732422,5.955850388227571,0.18273713749514897
2025-02-26,0288.HK,Linear Regression,229,5.985620498657227,5.760663040197436,0.22495745845979087
2025-02-27,0288.HK,Linear Regression,230,5.950202465057373,5.9801511082743435,0.02994864321697044
2025-02-28,0288.HK,Linear Regression,231,6.065310478210449,5.918201380957304,0.14710909725314547
2025-03-03,0288.HK,Linear Regression,232,6.215836524963379,6.042875955822044,0.17296056914133473
2025-03-04,0288.HK,Linear Regression,233,6.171564102172852,6.171652396638382,8.829446553004772e-05
2025-03-05,0288.HK,Linear Regression,234,5.985620498657227,6.155842611363908,0.1702221127066812
2025-03-06,0288.HK,Linear Regression,235,5.9944748878479,5.96924445576871,0.025230432079190734
2025-03-07,0288.HK,Linear Regression,236,6.145000457763672,5.949536288626043,0.19546416913762865
2025-03-10,0288.HK,Linear Regression,237,6.16270923614502,6.150410343976733,0.012298892168287168
2025-03-11,0288.HK,Linear Regression,238,6.074165344238281,6.140097409793682,0.06593206555540032
2025-03-12,0288.HK,Linear Regression,239,6.127291202545166,6.082098891412598,0.04519231113256783
2025-03-13,0288.HK,Linear Regression,240,6.136146068572998,6.112376093223496,0.023769975349502204
2025-03-14,0288.HK,Linear Regression,241,6.145000457763672,6.152480762686007,0.0074803049223355345
2025-03-17,0288.HK,Linear Regression,242,6.118436813354492,6.126722950097764,0.008286136743271832
2025-03-18,0288.HK,Linear Regression,243,6.189272403717041,6.118033445835506,0.07123895788153511
2025-03-19,0288.HK,Linear Regression,244,6.260108947753906,6.122374883506048,0.1377340642478586
2025-03-20,0288.HK,Linear Regression,245,6.366362571716309,6.233772763093691,0.13258980862261716
2025-03-21,0288.HK,Linear Regression,246,6.065310478210449,6.341226190445139,0.27591571223468936
2025-03-24,0288.HK,Linear Regression,247,6.056456089019775,6.027876984195691,0.02857910482408421
2025-03-25,0288.HK,Linear Regression,248,6.029892444610596,6.038195375598378,0.008302930987782453
2025-03-26,0288.HK,Linear Regression,249,6.293288707733154,6.054859751525335,0.23842895620781945
2025-03-27,0288.HK,Linear Regression,250,6.3026957511901855,6.28693618144729,0.015759569742895607
2025-03-28,0288.HK,Linear Regression,251,6.283881664276123,6.281825889648109,0.0020557746280136513
2025-03-31,0288.HK,Linear Regression,252,6.255660533905029,6.284148789738424,0.02848825583339476
2025-04-01,0288.HK,Linear Regression,253,6.406172752380371,6.231361237275855,0.17481151510451642
2025-04-02,0288.HK,Linear Regression,254,6.4155802726745605,6.400436841859383,0.015143430815177439
2025-04-03,0288.HK,Linear Regression,255,6.547277927398682,6.3833468399295805,0.16393108746910112
2025-04-07,0288.HK,Linear Regression,256,6.68838357925415,6.508846701490639,0.17953687776351135
2025-04-08,0288.HK,Linear Regression,257,6.6131272315979,6.665729576371424,0.05260234477352377
2025-04-09,0288.HK,Linear Regression,258,6.697790145874023,6.568661283231212,0.1291288626428111
2025-04-10,0288.HK,Linear Regression,259,6.707197666168213,6.699190532089893,0.0080071340783201
2025-04-11,0288.HK,Linear Regression,260,6.697790145874023,6.685577203344906,0.012212942529117754
2025-04-14,0288.HK,Linear Regression,261,6.810673713684082,6.6889940560526,0.12167965763148203
2025-04-15,0288.HK,Linear Regression,262,6.820081233978272,6.765731030770333,0.05435020320793971
2025-04-16,0288.HK,Linear Regression,263,6.848302364349365,6.815522853684289,0.03277951066507612
2025-04-17,0288.HK,Linear Regression,264,6.8577094078063965,6.80185039604277,0.0558590117636264
2025-04-22,0288.HK,Linear Regression,265,6.838895320892334,6.837196480052272,0.0016988408400617772
2025-04-23,0288.HK,Linear Regression,266,6.914151191711426,6.8100430989077525,0.10410809280367328
2025-04-24,0288.HK,Linear Regression,267,6.951779365539551,6.880135545530287,0.07164382000926395
2025-04-25,0288.HK,Linear Regression,268,7.027035713195801,6.915738059272423,0.11129765392337809
2025-04-28,0288.HK,Linear Regression,269,7.074070453643799,7.003365076927796,0.07070537671600263
2025-04-29,0288.HK,Linear Regression,270,7.121105670928955,7.038663533986797,0.0824421369421584
2025-04-30,0288.HK,Linear Regression,271,7.074070453643799,7.091253493184896,0.01718303954109679
2025-05-02,0288.HK,Linear Regression,272,7.111698627471924,7.0543430099913,0.05735561748062423
2025-05-06,0288.HK,Linear Regression,273,6.923558712005615,7.083674198411387,0.1601154864057719
2025-05-07,0288.HK,Linear Regression,274,6.998814582824707,6.905635819422082,0.09317876340262465
2025-05-08,0288.HK,Linear Regression,275,6.791860103607178,6.966178249970046,0.17431814636286802
2025-05-09,0288.HK,Linear Regression,276,6.88593053817749,6.771274091794354,0.11465644638313588
2025-05-12,0288.HK,Linear Regression,277,6.904744625091553,6.877452962654293,0.027291662437259667
2025-05-13,0288.HK,Linear Regression,278,7.074070453643799,6.8650191431672765,0.20905131047652237
2025-05-14,0288.HK,Linear Regression,279,7.102291584014893,7.038110679644403,0.06418090437048996
2025-05-15,0288.HK,Linear Regression,280,7.08347749710083,7.0640376287111755,0.019439868389654613
2025-05-16,0288.HK,Linear Regression,281,7.130512237548828,7.033973355299093,0.09653888224973528
2025-05-19,0288.HK,Linear Regression,282,7.102291584014893,7.096089600205911,0.006201983808981737
2025-05-20,0288.HK,Linear Regression,283,7.149326324462891,7.068357484225674,0.08096884023721707
2025-05-21,0288.HK,Linear Regression,284,7.233989715576172,7.128992752320149,0.10499696325602326
2025-05-22,0288.HK,Linear Regression,285,7.139919757843018,7.193893739633285,0.0539739817902678
2025-05-23,0288.HK,Linear Regression,286,7.139919757843018,7.131208362010774,0.00871139583224334
2025-05-26,0288.HK,Linear Regression,287,7.074070453643799,7.108874131201346,0.0348036775575471
2025-05-27,0288.HK,Linear Regression,288,6.9800004959106445,7.081450520696251,0.10145002478560627
2025-05-28,0288.HK,Linear Regression,289,7.045849323272705,6.9482692320982835,0.09758009117442157
2025-05-29,0288.HK,Linear Regression,290,7.177547931671143,7.03636272099828,0.14118521067286238
2025-05-30,0288.HK,Linear Regression,291,7.346873760223389,7.1342326158709275,0.21264114435246118
2025-06-02,0288.HK,Linear Regression,292,7.186954498291016,7.306429610899347,0.1194751126083311
2025-06-03,0288.HK,Linear Regression,293,7.271617889404297,7.131935923828964,0.13968196557533297
2025-06-04,0288.HK,Linear Regression,294,7.281024932861328,7.247745145229732,0.03327978763159578
2025-06-05,0288.HK,Linear Regression,295,7.469164848327637,7.243429187918737,0.22573566040889936
2025-06-06,0288.HK,Linear Regression,296,7.676118850708008,7.4514723053899665,0.2246465453180413
2025-06-09,0288.HK,Linear Regression,297,7.600862979888916,7.64328215165711,0.0424191717681941
2025-06-10,0288.HK,Linear Regression,298,7.535014152526855,7.566491132299469,0.031476979772614655
2025-06-11,0288.HK,Linear Regression,299,7.49738597869873,7.51900299779965,0.021617019100920842
2025-06-12,0288.HK,Linear Regression,300,7.450350761413574,7.4830835139164185,0.03273275250284424
2025-06-13,0288.HK,Linear Regression,301,7.49738597869873,7.449000021860668,0.048385956838061794
2025-06-16,0288.HK,Linear Regression,302,7.619677066802978,7.461250944719406,0.1584261220835712
2025-06-17,0288.HK,Linear Regression,303,7.57264232635498,7.589041434229056,0.016399107874076613
2025-06-18,0288.HK,Linear Regression,304,7.440943717956543,7.518842329373881,0.07789861141733834
2025-06-19,0288.HK,Linear Regression,305,7.49738597869873,7.418902999434555,0.0784829792641748
2025-06-20,0288.HK,Linear Regression,306,7.49738597869873,7.46427466426387,0.033111314434859374
2025-06-23,0288.HK,Linear Regression,307,7.450350761413574,7.463518479091464,0.013167717677889712
2025-06-24,0288.HK,Linear Regression,308,7.55382776260376,7.414999703096585,0.13882805950717447
2025-06-25,0288.HK,Linear Regression,309,7.610270023345947,7.525766079791611,0.08450394355433666
2025-06-26,0288.HK,Linear Regression,310,7.657305240631103,7.564614326127296,0.09269091450380706
2025-06-27,0288.HK,Linear Regression,311,7.516200065612793,7.640683860228574,0.12448379461578085
2025-06-30,0288.HK,Linear Regression,312,7.403315544128418,7.498330181603304,0.09501463747488614
2025-07-02,0288.HK,Linear Regression,313,7.864258766174316,7.381716732297175,0.48254203387714156
2025-07-03,0288.HK,Linear Regression,314,7.732561111450195,7.840442232873612,0.10788112142341699
2025-07-04,0288.HK,Linear Regression,315,7.57264232635498,7.694164129589669,0.12152180323468986
2025-07-07,0288.HK,Linear Regression,316,7.506793022155762,7.541262721694295,0.034469699538533405
2025-07-08,0288.HK,Linear Regression,317,7.741967678070068,7.469010230261288,0.2729574478087802
2025-07-09,0288.HK,Linear Regression,318,7.789003372192383,7.724379883131371,0.06462348906101223
2025-07-10,0288.HK,Linear Regression,319,7.760782718658447,7.744369388692971,0.016413329965476287
2025-07-11,0288.HK,Linear Regression,320,7.789003372192383,7.736027121468815,0.052976250723567375
2025-07-14,0288.HK,Linear Regression,321,7.914321422576904,7.726546160385484,0.18777526219141993
2025-07-15,0288.HK,Linear Regression,322,7.817922592163086,7.860766579919169,0.04284398775608267
2025-07-16,0288.HK,Linear Regression,323,7.885402202606201,7.827521779889881,0.057880422716320545
2025-07-17,0288.HK,Linear Regression,324,7.962521076202393,7.8513749564839745,0.11114611971841803
2025-07-18,0288.HK,Linear Regression,325,8.039639472961426,7.905197137684271,0.13444233527715443
2025-07-21,0288.HK,Linear Regression,326,8.097477912902832,8.007247212114033,0.09023070078879947
2025-07-22,0288.HK,Linear Regression,327,8.14567756652832,8.091384832876022,0.05429273365229825
2025-07-23,0288.HK,Linear Regression,328,8.087839126586914,8.087869588016325,3.0461429410877372e-05
2025-07-24,0288.HK,Linear Regression,329,8.107118606567383,8.061114939318497,0.04600366724888616
2025-07-25,0288.HK,Linear Regression,330,8.039639472961426,8.078067768915203,0.038428295953776725
2025-07-28,0288.HK,Linear Regression,331,8.087839126586914,8.029574008302754,0.05826511828415981
2025-07-29,0288.HK,Linear Regression,332,8.222796440124512,8.031470537794414,0.19132590233009772
2025-07-30,0288.HK,Linear Regression,333,8.405954360961914,8.188067712960116,0.21788664800179802
2025-07-31,0288.HK,Linear Regression,334,8.560192108154297,8.371718282323403,0.18847382583089356
2025-08-01,0288.HK,Linear Regression,335,8.49271297454834,8.51493969240524,0.02222671785690089
2025-08-04,0288.HK,Linear Regression,336,8.473433494567871,8.415067177053805,0.05836631751406607
2025-08-05,0288.HK,Linear Regression,337,8.434873580932617,8.451799548456327,0.016925967523709673
2025-08-06,0288.HK,Linear Regression,338,8.299915313720703,8.406690659794215,0.10677534607351191
2025-08-07,0288.HK,Linear Regression,339,8.280635833740234,8.252795607186332,0.02784022655390217
2025-08-08,0288.HK,Linear Regression,340,8.290276527404785,8.250154085764583,0.040122441640201956
2025-08-11,0288.HK,Linear Regression,341,8.280635833740234,8.275045234861262,0.005590598878972841
2025-08-12,0288.HK,Linear Regression,342,8.184237480163574,8.250836758227052,0.0665992780634781
2025-08-13,0288.HK,Linear Regression,343,8.174596786499023,8.14572326082427,0.02887352567475432
2025-08-14,0288.HK,Linear Regression,344,8.097477912902832,8.145417385328011,0.047939472425179375
2025-08-15,0288.HK,Linear Regression,345,8.213157653808594,8.06515042094113,0.14800723286746376
2025-08-18,0288.HK,Linear Regression,346,8.251716613769531,8.166746807128424,0.08496980664110687
2025-08-19,0288.HK,Linear Regression,347,8.126399040222168,8.19782438257595,0.07142534235378228
2025-08-20,0288.HK,Linear Regression,348,8.203516960144043,8.082038540384271,0.12147841975977158
2025-08-21,0288.HK,Linear Regression,349,8.029999732971191,8.158743333248799,0.12874360027760723
2025-08-22,0288.HK,Linear Regression,350,7.860000133514404,8.004906886415775,0.14490675290137034
2025-08-25,0288.HK,Linear Regression,351,7.920000076293945,7.8501787795347875,0.06982129675915782
2025-08-26,0288.HK,Linear Regression,352,7.860000133514404,7.904912941435064,0.044912807920659326
2025-08-27,0288.HK,Linear Regression,353,7.71999979019165,7.84771931055052,0.1277195203588697
2025-08-28,0288.HK,Linear Regression,354,7.650000095367432,7.700671324052207,0.05067122868477547
2025-08-29,0288.HK,Linear Regression,355,7.349999904632568,7.637741874775519,0.28774197014295044
2025-09-01,0288.HK,Linear Regression,356,7.550000190734863,7.323769663602674,0.2262305271321896
2025-09-02,0288.HK,Linear Regression,357,7.389999866485596,7.526463641945926,0.13646377546033062
2025-09-03,0288.HK,Linear Regression,358,7.289999961853027,7.361848192846832,0.07184823099380466
2025-09-04,0288.HK,Linear Regression,359,7.369999885559082,7.260217858234353,0.10978202732472919
2025-09-05,0288.HK,Linear Regression,360,7.340000152587891,7.329025081217316,0.010975071370574518
2025-09-08,0288.HK,Linear Regression,361,7.309999942779541,7.340285044401904,0.030285101622363086
2025-09-09,0288.HK,Linear Regression,362,7.300000190734863,7.298421772524206,0.0015784182106575173
2025-09-10,0288.HK,Linear Regression,363,7.400000095367432,7.284359064956715,0.11564103041071672
2024-03-19,0288.HK,Decision Tree,0,4.743656635284424,4.6777706010001046,0.06588603428431927
2024-03-20,0288.HK,Decision Tree,1,4.6466827392578125,4.767873612845817,0.12119087358800407
2024-03-21,0288.HK,Decision Tree,2,4.5981950759887695,4.6777706010001046,0.07957552501133502
2024-03-22,0288.HK,Decision Tree,3,4.5981950759887695,4.6777706010001046,0.07957552501133502
2024-03-25,0288.HK,Decision Tree,4,4.638601303100586,4.6777706010001046,0.03916929789951862
2024-03-26,0288.HK,Decision Tree,5,4.711331367492676,4.6777706010001046,0.033560766492571226
2024-03-27,0288.HK,Decision Tree,6,4.804207801818848,4.767873612845817,0.03633418897303109
2024-03-28,0288.HK,Decision Tree,7,4.686002731323242,4.767873612845817,0.08187088152257438
2024-04-02,0288.HK,Decision Tree,8,4.753548622131348,4.6777706010001046,0.0757780211312431
2024-04-03,0288.HK,Decision Tree,9,4.745105266571045,4.767873612845817,0.022768346274771645
2024-04-05,0288.HK,Decision Tree,10,4.728218078613281,4.767873612845817,0.03965553423253532
2024-04-08,0288.HK,Decision Tree,11,4.745105266571045,4.767873612845817,0.022768346274771645
2024-04-09,0288.HK,Decision Tree,12,4.753548622131348,4.767873612845817,0.01432499071446891
2024-04-10,0288.HK,Decision Tree,13,4.753548622131348,4.767873612845817,0.01432499071446891
2024-04-11,0288.HK,Decision Tree,14,4.778878211975098,4.767873612845817,0.01100459912928109
2024-04-12,0288.HK,Decision Tree,15,4.787321090698242,4.767873612845817,0.01944747785242562
2024-04-15,0288.HK,Decision Tree,16,4.626899719238281,4.767873612845817,0.14097389360753532
2024-04-16,0288.HK,Decision Tree,17,4.550909996032715,4.616878997447879,0.06596900141516393
2024-04-17,0288.HK,Decision Tree,18,4.491807460784912,4.502948315938314,0.011140855153401574
2024-04-18,0288.HK,Decision Tree,19,4.491807460784912,4.453525253983795,0.03828220680111727
2024-04-19,0288.HK,Decision Tree,20,4.534023761749268,4.453525253983795,0.08049850776547274
2024-04-22,0288.HK,Decision Tree,21,4.601569652557373,4.573418923786709,0.02815072877066438
2024-04-23,0288.HK,Decision Tree,22,4.534023761749268,4.6777706010001046,0.14374683925083698
2024-04-24,0288.HK,Decision Tree,23,4.491807460784912,4.502948315938314,0.011140855153401574
2024-04-25,0288.HK,Decision Tree,24,4.356715679168701,4.453525253983795,0.09680957481509367
2024-04-26,0288.HK,Decision Tree,25,4.280726909637451,4.2983651638031,0.017638254165649236
2024-04-29,0288.HK,Decision Tree,26,4.365158557891846,4.147684494654338,0.21747406323750784
2024-04-30,0288.HK,Decision Tree,27,4.365158557891846,4.367845156613519,0.0026865987216728726
2024-05-02,0288.HK,Decision Tree,28,4.415817737579346,4.367845156613519,0.04797258096582713
2024-05-03,0288.HK,Decision Tree,29,4.458034515380859,4.453525253983795,0.0045092613970645345
2024-05-06,0288.HK,Decision Tree,30,4.449590682983398,4.453525253983795,0.003934571000396403
2024-05-07,0288.HK,Decision Tree,31,4.390488624572754,4.453525253983795,0.06303662941104093
2024-05-08,0288.HK,Decision Tree,32,4.280726909637451,4.453525253983795,0.17279834434634367
2024-05-09,0288.HK,Decision Tree,33,4.407375335693359,4.264927676745823,0.1424476589475363
2024-05-10,0288.HK,Decision Tree,34,4.373601913452148,4.601025581359863,0.22742366790771484
2024-05-13,0288.HK,Decision Tree,35,4.348272800445557,4.367845156613519,0.019572356167961935
2024-05-14,0288.HK,Decision Tree,36,4.289169788360596,4.367845156613519,0.07867536825292287
2024-05-16,0288.HK,Decision Tree,37,4.339829444885254,4.264927676745823,0.07490176813943084
2024-05-17,0288.HK,Decision Tree,38,4.331385612487793,4.367845156613519,0.03645954412572561
2024-05-20,0288.HK,Decision Tree,39,4.407375335693359,4.367845156613519,0.0395301790798408
2024-05-21,0288.HK,Decision Tree,40,4.424262046813965,4.601025581359863,0.17676353454589844
2024-05-22,0288.HK,Decision Tree,41,4.297613143920898,4.453525253983795,0.1559121100628964
2024-05-23,0288.HK,Decision Tree,42,4.27228307723999,4.2983651638031,0.026082086563110174
2024-05-24,0288.HK,Decision Tree,43,4.230066776275635,4.264927676745823,0.034860900470188305
2024-05-27,0288.HK,Decision Tree,44,4.154077529907227,4.264927676745823,0.11085014683859651
2024-05-28,0288.HK,Decision Tree,45,4.204737186431885,4.216709430401142,0.011972243969257335
2024-05-29,0288.HK,Decision Tree,46,4.424262046813965,4.264927676745823,0.15933437006814177
2024-05-30,0288.HK,Decision Tree,47,4.415817737579346,4.601025581359863,0.18520784378051758
2024-05-31,0288.HK,Decision Tree,48,4.550909996032715,4.453525253983795,0.09738474204892
2024-06-03,0288.HK,Decision Tree,49,4.51713752746582,4.573418923786709,0.056281396320888355
2024-06-04,0288.HK,Decision Tree,50,4.550909996032715,4.573418923786709,0.022508927753993824
2024-06-05,0288.HK,Decision Tree,51,4.415817737579346,4.573418923786709,0.15760118620736296
2024-06-06,0288.HK,Decision Tree,52,4.424262046813965,4.453525253983795,0.029263207169829997
2024-06-07,0288.HK,Decision Tree,53,4.474921703338623,4.453525253983795,0.021396449354828206
2024-06-11,0288.HK,Decision Tree,54,4.415817737579346,4.453525253983795,0.03770751640444914
2024-06-12,0288.HK,Decision Tree,55,4.331385612487793,4.453525253983795,0.12213964149600187
2024-06-13,0288.HK,Decision Tree,56,4.196293354034424,4.367845156613519,0.17155180257909475
2024-06-14,0288.HK,Decision Tree,57,4.27228307723999,4.216709430401142,0.055573646838848134
2024-06-17,0288.HK,Decision Tree,58,4.187850475311279,4.264927676745823,0.07707720143454377
2024-06-18,0288.HK,Decision Tree,59,4.289169788360596,4.216709430401142,0.0724603579594536
2024-06-19,0288.HK,Decision Tree,60,4.2385101318359375,4.264927676745823,0.02641754490988557
2024-06-20,0288.HK,Decision Tree,61,4.213180541992188,4.264927676745823,0.05174713475363468
2024-06-21,0288.HK,Decision Tree,62,4.339829444885254,4.264927676745823,0.07490176813943084
2024-06-24,0288.HK,Decision Tree,63,4.398931980133057,4.367845156613519,0.031086823519538065
2024-06-25,0288.HK,Decision Tree,64,4.458034515380859,4.601025581359863,0.1429910659790039
2024-06-26,0288.HK,Decision Tree,65,4.407375335693359,4.453525253983795,0.046149918290435465
2024-06-27,0288.HK,Decision Tree,66,4.441148281097412,4.453525253983795,0.012376972886382731
2024-06-28,0288.HK,Decision Tree,67,4.441148281097412,4.453525253983795,0.012376972886382731
2024-07-02,0288.HK,Decision Tree,68,4.432705402374268,4.453525253983795,0.020819851609527262
2024-07-03,0288.HK,Decision Tree,69,4.804207801818848,4.453525253983795,0.3506825478350528
2024-07-04,0288.HK,Decision Tree,70,4.753548622131348,4.680564476893498,0.07298414523784924
2024-07-05,0288.HK,Decision Tree,71,4.753548622131348,4.680564476893498,0.07298414523784924
2024-07-08,0288.HK,Decision Tree,72,4.694445610046387,4.680564476893498,0.013881133152888303
2024-07-09,0288.HK,Decision Tree,73,4.702888488769531,4.6777706010001046,0.025117887769426694
2024-07-10,0288.HK,Decision Tree,74,4.677558898925781,4.767873612845817,0.09031471392003532
2024-07-11,0288.HK,Decision Tree,75,4.6437859535217285,4.6777706010001046,0.03398464747837604
2024-07-12,0288.HK,Decision Tree,76,4.702888488769531,4.6777706010001046,0.025117887769426694
2024-07-15,0288.HK,Decision Tree,77,4.702888488769531,4.767873612845817,0.06498512407628532
2024-07-16,0288.HK,Decision Tree,78,4.771670341491699,4.767873612845817,0.003796728645882652
2024-07-17,0288.HK,Decision Tree,79,4.68569278717041,4.767873612845817,0.08218082567540641
2024-07-18,0288.HK,Decision Tree,80,4.788865089416504,4.6777706010001046,0.11109448841639935
2024-07-19,0288.HK,Decision Tree,81,4.8834381103515625,4.767873612845817,0.11556449750574593
2024-07-22,0288.HK,Decision Tree,82,4.866243839263916,5.023705800374349,0.15746196111043265
2024-07-23,0288.HK,Decision Tree,83,4.814657688140869,5.023705800374349,0.20904811223347952
2024-07-24,0288.HK,Decision Tree,84,4.857645511627197,4.767873612845817,0.0897718987813807
2024-07-25,0288.HK,Decision Tree,85,4.909231185913086,5.023705800374349,0.11447461446126272
2024-07-26,0288.HK,Decision Tree,86,4.909231185913086,5.023705800374349,0.11447461446126272
2024-07-29,0288.HK,Decision Tree,87,4.935024261474609,5.023705800374349,0.08868153889973929
2024-07-30,0288.HK,Decision Tree,88,4.9436211585998535,5.023705800374349,0.08008464177449515
2024-07-31,0288.HK,Decision Tree,89,4.952219486236572,5.023705800374349,0.0714863141377764
2024-08-01,0288.HK,Decision Tree,90,5.0381951332092285,5.1218734365521055,0.08367830334287696
2024-08-02,0288.HK,Decision Tree,91,5.05539083480835,5.1218734365521055,0.06648260174375586
2024-08-05,0288.HK,Decision Tree,92,5.089781284332275,5.1218734365521055,0.032092152219830083
2024-08-06,0288.HK,Decision Tree,93,5.132769107818604,5.1218734365521055,0.01089567126649893
2024-08-07,0288.HK,Decision Tree,94,5.167159080505371,5.1218734365521055,0.04528564395326562
2024-08-08,0288.HK,Decision Tree,95,5.210147380828857,5.14283488778507,0.06731249304378739
2024-08-09,0288.HK,Decision Tree,96,5.270330905914307,5.14283488778507,0.1274960181292366
2024-08-12,0288.HK,Decision Tree,97,5.261733055114746,5.14283488778507,0.11889816732967606
2024-08-13,0288.HK,Decision Tree,98,5.433685302734375,5.14283488778507,0.29085041494930497
2024-08-14,0288.HK,Decision Tree,99,5.2875261306762695,5.412985059950087,0.12545892927381708
2024-08-15,0288.HK,Decision Tree,100,5.296123504638672,5.304942241081824,0.008818736443152453
2024-08-16,0288.HK,Decision Tree,101,5.476672649383545,5.304942241081824,0.1717304083017206
2024-08-19,0288.HK,Decision Tree,102,5.373501777648926,5.412985059950087,0.03948328230116083
2024-08-20,0288.HK,Decision Tree,103,5.468076229095459,5.412985059950087,0.055091169145372376
2024-08-21,0288.HK,Decision Tree,104,5.536856651306152,5.412985059950087,0.12387159135606574
2024-08-22,0288.HK,Decision Tree,105,5.270330905914307,5.633608124472878,0.3632772185585713
2024-08-23,0288.HK,Decision Tree,106,5.313318729400635,5.2154803662686735,0.09783836313196126
2024-08-26,0288.HK,Decision Tree,107,5.33051347732544,5.412985059950087,0.08247158262464627
2024-08-27,0288.HK,Decision Tree,108,5.210147380828857,5.412985059950087,0.2028376791212292
2024-08-28,0288.HK,Decision Tree,109,5.10697603225708,5.2154803662686735,0.10850433401159343
2024-08-29,0288.HK,Decision Tree,110,5.158561706542969,5.026024733270917,0.13253697327205138
2024-08-30,0288.HK,Decision Tree,111,5.17575740814209,5.2154803662686735,0.03972295812658366
2024-09-02,0288.HK,Decision Tree,112,5.244537830352783,5.2154803662686735,0.029057464084109697
2024-09-03,0288.HK,Decision Tree,113,5.304720878601074,5.2154803662686735,0.08924051233240071
2024-09-04,0288.HK,Decision Tree,114,5.304720878601074,5.304942241081824,0.00022136248075010911
2024-09-05,0288.HK,Decision Tree,115,5.321916580200195,5.304942241081824,0.016974339118370985
2024-09-09,0288.HK,Decision Tree,116,5.390697479248047,5.412985059950087,0.022287580702039733
2024-09-10,0288.HK,Decision Tree,117,5.399294853210449,5.412985059950087,0.01369020673963739
2024-09-11,0288.HK,Decision Tree,118,5.416490077972412,5.412985059950087,0.003505018022325501
2024-09-12,0288.HK,Decision Tree,119,5.399294853210449,5.412985059950087,0.01369020673963739
2024-09-13,0288.HK,Decision Tree,120,5.485271453857422,5.412985059950087,0.07228639390733527
2024-09-16,0288.HK,Decision Tree,121,5.210147380828857,5.412985059950087,0.2028376791212292
2024-09-17,0288.HK,Decision Tree,122,5.244537830352783,5.2154803662686735,0.029057464084109697
2024-09-19,0288.HK,Decision Tree,123,5.235940456390381,5.2154803662686735,0.020460090121707353
2024-09-20,0288.HK,Decision Tree,124,5.167159080505371,5.2154803662686735,0.04832128576330241
2024-09-23,0288.HK,Decision Tree,125,5.124171733856201,5.2154803662686735,0.09130863241247233
2024-09-24,0288.HK,Decision Tree,126,5.296123504638672,5.026024733270917,0.2700987713677545
2024-09-25,0288.HK,Decision Tree,127,5.347709655761719,5.304942241081824,0.04276741467989442
2024-09-26,0288.HK,Decision Tree,128,5.296123504638672,5.412985059950087,0.11686155531141473
2024-09-27,0288.HK,Decision Tree,129,5.22734260559082,5.304942241081824,0.07759963549100402
2024-09-30,0288.HK,Decision Tree,130,5.347709655761719,5.2154803662686735,0.13222928949304524
2024-10-02,0288.HK,Decision Tree,131,5.244537830352783,5.412985059950087,0.1684472295973034
2024-10-03,0288.HK,Decision Tree,132,5.304720878601074,5.2154803662686735,0.08924051233240071
2024-10-04,0288.HK,Decision Tree,133,5.373501777648926,5.304942241081824,0.06855953656710145
2024-10-07,0288.HK,Decision Tree,134,5.45088005065918,5.412985059950087,0.03789499070909308
2024-10-08,0288.HK,Decision Tree,135,5.528258323669434,5.412985059950087,0.11527326371934699
2024-10-09,0288.HK,Decision Tree,136,5.528258323669434,5.633608124472878,0.10534980080344436
2024-10-10,0288.HK,Decision Tree,137,5.40789270401001,5.633608124472878,0.2257154204628682
2024-10-14,0288.HK,Decision Tree,138,5.425086975097656,5.412985059950087,0.012101915147569642
2024-10-15,0288.HK,Decision Tree,139,5.33051347732544,5.412985059950087,0.08247158262464627
2024-10-16,0288.HK,Decision Tree,140,5.364903926849365,5.412985059950087,0.048081133100721374
2024-10-17,0288.HK,Decision Tree,141,5.339111328,5.412985059950087,0.07387373195008617
2024-10-18,0288.HK,Decision Tree,142,5.304720878601074,5.412985059950087,0.10826418134901239
2024-10-21,0288.HK,Decision Tree,143,5.382099628448486,5.304942241081824,0.077157387366662
2024-10-22,0288.HK,Decision Tree,144,5.339111328,5.412985059950087,0.07387373195008617
2024-10-23,0288.HK,Decision Tree,145,5.45947790145874,5.412985059950087,0.046492841508653626
2024-10-24,0288.HK,Decision Tree,146,5.476672649383545,5.412985059950087,0.06368758943345831
2024-10-25,0288.HK,Decision Tree,147,5.373501777648926,5.412985059950087,0.03948328230116083
2024-10-28,0288.HK,Decision Tree,148,5.373501777648926,5.412985059950087,0.03948328230116083
2024-10-29,0288.HK,Decision Tree,149,5.476672649383545,5.412985059950087,0.06368758943345831
2024-10-30,0288.HK,Decision Tree,150,5.562649250030518,5.412985059950087,0.14966419008043097
2024-10-31,0288.HK,Decision Tree,151,5.674417972564697,5.513176536560058,0.16124143600463903
2024-11-01,0288.HK,Decision Tree,152,5.597040176391602,5.599209921700614,0.00216974530901215
2024-11-04,0288.HK,Decision Tree,153,5.511063575744629,5.513176536560058,0.0021129608154293322
2024-11-05,0288.HK,Decision Tree,154,5.382099628448486,5.412985059950087,0.03088543150160028
2024-11-06,0288.HK,Decision Tree,155,5.442283153533936,5.412985059950087,0.029298093583849827
2024-11-07,0288.HK,Decision Tree,156,5.244537830352783,5.412985059950087,0.1684472295973034
2024-11-08,0288.HK,Decision Tree,157,5.158561706542969,5.2154803662686735,0.05691865972570476
2024-11-11,0288.HK,Decision Tree,158,5.089781284332275,5.2154803662686735,0.12569908193639812
2024-11-12,0288.HK,Decision Tree,159,5.098378658294678,5.026024733270917,0.07235392502376037
2024-11-13,0288.HK,Decision Tree,160,5.132769107818604,5.026024733270917,0.10674437454768704
2024-11-14,0288.HK,Decision Tree,161,5.132769107818604,5.026024733270917,0.10674437454768704
2024-11-15,0288.HK,Decision Tree,162,5.17575740814209,5.026024733270917,0.14973267487117248
2024-11-18,0288.HK,Decision Tree,163,5.10697603225708,5.2154803662686735,0.10850433401159343
2024-11-19,0288.HK,Decision Tree,164,5.141366481781006,5.026024733270917,0.1153417485100885
2024-11-20,0288.HK,Decision Tree,165,5.05539083480835,5.026024733270917,0.029366101537432243
2024-11-21,0288.HK,Decision Tree,166,4.9780120849609375,5.026024733270917,0.048012648309979866
2024-11-22,0288.HK,Decision Tree,167,5.124171733856201,5.026024733270917,0.0981470005852838
2024-11-25,0288.HK,Decision Tree,168,5.029597759246826,5.026024733270917,0.0035730259759088057
2024-11-26,0288.HK,Decision Tree,169,5.081183433532715,5.026024733270917,0.05515870026179748
2024-11-27,0288.HK,Decision Tree,170,4.986610412597656,5.026024733270917,0.039414320673261116
2024-11-28,0288.HK,Decision Tree,171,5.115573406219482,5.026024733270917,0.08954867294856506
2024-11-29,0288.HK,Decision Tree,172,5.149964332580566,5.026024733270917,0.12393959930964904
2024-12-02,0288.HK,Decision Tree,173,5.124171733856201,5.2154803662686735,0.09130863241247233
2024-12-03,0288.HK,Decision Tree,174,5.192952156066895,5.026024733270917,0.16692742279597805
2024-12-04,0288.HK,Decision Tree,175,5.33051347732544,5.2154803662686735,0.11503311105676683
2024-12-05,0288.HK,Decision Tree,176,5.57124662399292,5.412985059950087,0.1582615640428333
2024-12-06,0288.HK,Decision Tree,177,5.562649250030518,5.513176536560058,0.04947271347045934
2024-12-09,0288.HK,Decision Tree,178,5.347709655761719,5.513176536560058,0.1654668807983395
2024-12-10,0288.HK,Decision Tree,179,5.364903926849365,5.412985059950087,0.048081133100721374
2024-12-11,0288.HK,Decision Tree,180,5.364903926849365,5.412985059950087,0.048081133100721374
2024-12-12,0288.HK,Decision Tree,181,5.244537830352783,5.412985059950087,0.1684472295973034
2024-12-13,0288.HK,Decision Tree,182,5.356306552886963,5.2154803662686735,0.14082618661828938
2024-12-16,0288.HK,Decision Tree,183,5.33051347732544,5.412985059950087,0.08247158262464627
2024-12-17,0288.HK,Decision Tree,184,5.373501777648926,5.412985059950087,0.03948328230116083
2024-12-18,0288.HK,Decision Tree,185,5.2875261306762695,5.412985059950087,0.12545892927381708
2024-12-19,0288.HK,Decision Tree,186,5.253135681152344,5.304942241081824,0.05180655992948058
2024-12-20,0288.HK,Decision Tree,187,5.22734260559082,5.2154803662686735,0.011862239322146806
2024-12-23,0288.HK,Decision Tree,188,5.132769107818604,5.2154803662686735,0.0827112584500691
2024-12-24,0288.HK,Decision Tree,189,5.313318729400635,5.026024733270917,0.2872939961297174
2024-12-27,0288.HK,Decision Tree,190,5.244537830352783,5.412985059950087,0.1684472295973034
2024-12-30,0288.HK,Decision Tree,191,5.124171733856201,5.2154803662686735,0.09130863241247233
2024-12-31,0288.HK,Decision Tree,192,5.05539083480835,5.026024733270917,0.029366101537432243
2025-01-02,0288.HK,Decision Tree,193,5.130169868469238,5.026024733270917,0.10414513519832092
2025-01-03,0288.HK,Decision Tree,194,5.190525531768799,5.026024733270917,0.16450079849788146
2025-01-06,0288.HK,Decision Tree,195,5.225013732910156,5.2154803662686735,0.009533366641482743
2025-01-07,0288.HK,Decision Tree,196,5.328479290008545,5.2154803662686735,0.11299892373987142
2025-01-08,0288.HK,Decision Tree,197,5.319857120513916,5.412985059950087,0.09312793943617059
2025-01-09,0288.HK,Decision Tree,198,5.414700984954834,5.412985059950087,0.0017159250047473762
2025-01-10,0288.HK,Decision Tree,199,5.388834476470947,5.412985059950087,0.024150583479139343
2025-01-13,0288.HK,Decision Tree,200,5.509544372558594,5.412985059950087,0.09655931260850714
2025-01-14,0288.HK,Decision Tree,201,5.466433525085449,5.412985059950087,0.05344846513536261
2025-01-15,0288.HK,Decision Tree,202,5.500922679901123,5.412985059950087,0.08793761995103644
2025-01-16,0288.HK,Decision Tree,203,5.6043877601623535,5.412985059950087,0.1914027002122669
2025-01-17,0288.HK,Decision Tree,204,5.811318874359131,5.513176536560058,0.2981423377990726
2025-01-20,0288.HK,Decision Tree,205,5.906162261962891,5.731030559539795,0.17513170242309606
2025-01-21,0288.HK,Decision Tree,206,5.957895278930664,5.825545469919841,0.13234980901082327
2025-01-22,0288.HK,Decision Tree,207,5.957895278930664,5.825545469919841,0.13234980901082327
2025-01-23,0288.HK,Decision Tree,208,5.957895278930664,5.825545469919841,0.13234980901082327
2025-01-24,0288.HK,Decision Tree,209,5.914784908294678,5.825545469919841,0.08923943837483694
2025-01-27,0288.HK,Decision Tree,210,5.950202465057373,5.825545469919841,0.12465699513753226
2025-01-28,0288.HK,Decision Tree,211,5.799676895141602,5.825545469919841,0.02586857477823923
2025-02-03,0288.HK,Decision Tree,212,5.932493209838867,5.869563261667888,0.06292994817097952
2025-02-04,0288.HK,Decision Tree,213,5.941347599029541,5.825545469919841,0.11580212910970022
2025-02-05,0288.HK,Decision Tree,214,6.038747310638428,5.825545469919841,0.21320184071858694
2025-02-06,0288.HK,Decision Tree,215,6.003329277038574,6.007191605038113,0.0038623279995384507
2025-02-07,0288.HK,Decision Tree,216,5.985620498657227,5.825545469919841,0.16007502873738577
2025-02-10,0288.HK,Decision Tree,217,5.9679107666015625,5.825545469919841,0.1423652966817217
2025-02-11,0288.HK,Decision Tree,218,5.897075176239014,5.825545469919841,0.07152970631917288
2025-02-12,0288.HK,Decision Tree,219,6.127291202545166,5.986894957224528,0.14039624532063844
2025-02-13,0288.HK,Decision Tree,220,6.16270923614502,6.007191605038113,0.15551763110690775
2025-02-14,0288.HK,Decision Tree,221,6.198127269744873,6.007191605038113,0.19093566470676038
2025-02-17,0288.HK,Decision Tree,222,6.322090148925781,6.007191605038113,0.3148985438876686
2025-02-18,0288.HK,Decision Tree,223,6.2423996925354,6.007191605038113,0.23520808749728772
2025-02-19,0288.HK,Decision Tree,224,6.437198162078857,6.007191605038113,0.43000655704074475
2025-02-20,0288.HK,Decision Tree,225,6.454906940460205,6.007191605038113,0.4477153354220924
2025-02-21,0288.HK,Decision Tree,226,5.897075176239014,6.007191605038113,0.110116428799099
2025-02-24,0288.HK,Decision Tree,227,5.959056854248047,5.986894957224528,0.027838102976480705
2025-02-25,0288.HK,Decision Tree,228,5.773113250732422,5.986894957224528,0.2137817064921057
2025-02-26,0288.HK,Decision Tree,229,5.985620498657227,5.869563261667888,0.1160572369893389
2025-02-27,0288.HK,Decision Tree,230,5.950202465057373,5.986894957224528,0.03669249216715453
2025-02-28,0288.HK,Decision Tree,231,6.065310478210449,5.986894957224528,0.07841552098592164
2025-03-03,0288.HK,Decision Tree,232,6.215836524963379,6.007191605038113,0.20864491992526624
2025-03-04,0288.HK,Decision Tree,233,6.171564102172852,6.007191605038113,0.1643724971347389
2025-03-05,0288.HK,Decision Tree,234,5.985620498657227,6.007191605038113,0.021571106380886107
2025-03-06,0288.HK,Decision Tree,235,5.9944748878479,5.986894957224528,0.00757993062337281
2025-03-07,0288.HK,Decision Tree,236,6.145000457763672,5.986894957224528,0.1581055005391443
2025-03-10,0288.HK,Decision Tree,237,6.16270923614502,6.007191605038113,0.15551763110690775
2025-03-11,0288.HK,Decision Tree,238,6.074165344238281,6.007191605038113,0.06697373920016858
2025-03-12,0288.HK,Decision Tree,239,6.127291202545166,6.007191605038113,0.12009959750705335
2025-03-13,0288.HK,Decision Tree,240,6.136146068572998,6.007191605038113,0.12895446353488538
2025-03-14,0288.HK,Decision Tree,241,6.145000457763672,6.007191605038113,0.1378088527255592
2025-03-17,0288.HK,Decision Tree,242,6.118436813354492,6.007191605038113,0.11124520831637952
2025-03-18,0288.HK,Decision Tree,243,6.189272403717041,6.007191605038113,0.18208079867892835
2025-03-19,0288.HK,Decision Tree,244,6.260108947753906,6.007191605038113,0.2529173427157936
2025-03-20,0288.HK,Decision Tree,245,6.366362571716309,6.007191605038113,0.3591709666781959
2025-03-21,0288.HK,Decision Tree,246,6.065310478210449,6.007191605038113,0.05811887317233655
2025-03-24,0288.HK,Decision Tree,247,6.056456089019775,6.007191605038113,0.04926448398166272
2025-03-25,0288.HK,Decision Tree,248,6.029892444610596,6.007191605038113,0.022700839572483034
2025-03-26,0288.HK,Decision Tree,249,6.293288707733154,5.986894957224528,0.3063937505086267
2025-03-27,0288.HK,Decision Tree,250,6.3026957511901855,6.007191605038113,0.2955041461520729
2025-03-28,0288.HK,Decision Tree,251,6.283881664276123,6.007191605038113,0.2766900592380104
2025-03-31,0288.HK,Decision Tree,252,6.255660533905029,6.007191605038113,0.24846892886691663
2025-04-01,0288.HK,Decision Tree,253,6.406172752380371,6.007191605038113,0.3989811473422584
2025-04-02,0288.HK,Decision Tree,254,6.4155802726745605,6.007191605038113,0.4083886676364479
2025-04-03,0288.HK,Decision Tree,255,6.547277927398682,6.007191605038113,0.540086322360569
2025-04-07,0288.HK,Decision Tree,256,6.68838357925415,6.007191605038113,0.6811919742160377
2025-04-08,0288.HK,Decision Tree,257,6.6131272315979,6.007191605038113,0.6059356265597877
2025-04-09,0288.HK,Decision Tree,258,6.697790145874023,6.007191605038113,0.6905985408359108
2025-04-10,0288.HK,Decision Tree,259,6.707197666168213,6.007191605038113,0.7000060611301002
2025-04-11,0288.HK,Decision Tree,260,6.697790145874023,6.007191605038113,0.6905985408359108
2025-04-14,0288.HK,Decision Tree,261,6.810673713684082,6.007191605038113,0.8034821086459694
2025-04-15,0288.HK,Decision Tree,262,6.820081233978272,6.007191605038113,0.8128896289401597
2025-04-16,0288.HK,Decision Tree,263,6.848302364349365,6.007191605038113,0.8411107593112526
2025-04-17,0288.HK,Decision Tree,264,6.8577094078063965,6.007191605038113,0.8505178027682838
2025-04-22,0288.HK,Decision Tree,265,6.838895320892334,6.007191605038113,0.8317037158542213
2025-04-23,0288.HK,Decision Tree,266,6.914151191711426,6.007191605038113,0.9069595866733131
2025-04-24,0288.HK,Decision Tree,267,6.951779365539551,6.007191605038113,0.9445877605014381
2025-04-25,0288.HK,Decision Tree,268,7.027035713195801,6.007191605038113,1.0198441081576881
2025-04-28,0288.HK,Decision Tree,269,7.074070453643799,6.007191605038113,1.0668788486056862
2025-04-29,0288.HK,Decision Tree,270,7.121105670928955,6.007191605038113,1.1139140658908424
2025-04-30,0288.HK,Decision Tree,271,7.074070453643799,6.007191605038113,1.0668788486056862
2025-05-02,0288.HK,Decision Tree,272,7.111698627471924,6.007191605038113,1.1045070224338112
2025-05-06,0288.HK,Decision Tree,273,6.923558712005615,6.007191605038113,0.9163671069675026
2025-05-07,0288.HK,Decision Tree,274,6.998814582824707,6.007191605038113,0.9916229777865944
2025-05-08,0288.HK,Decision Tree,275,6.791860103607178,6.007191605038113,0.7846684985690651
2025-05-09,0288.HK,Decision Tree,276,6.88593053817749,6.007191605038113,0.8787389331393776
2025-05-12,0288.HK,Decision Tree,277,6.904744625091553,6.007191605038113,0.8975530200534401
2025-05-13,0288.HK,Decision Tree,278,7.074070453643799,6.007191605038113,1.0668788486056862
2025-05-14,0288.HK,Decision Tree,279,7.102291584014893,6.007191605038113,1.09509997897678
2025-05-15,0288.HK,Decision Tree,280,7.08347749710083,6.007191605038113,1.0762858920627174
2025-05-16,0288.HK,Decision Tree,281,7.130512237548828,6.007191605038113,1.1233206325107155
2025-05-19,0288.HK,Decision Tree,282,7.102291584014893,6.007191605038113,1.09509997897678
2025-05-20,0288.HK,Decision Tree,283,7.149326324462891,6.007191605038113,1.142134719424778
2025-05-21,0288.HK,Decision Tree,284,7.233989715576172,6.007191605038113,1.2267981105380592
2025-05-22,0288.HK,Decision Tree,285,7.139919757843018,6.007191605038113,1.132728152804905
2025-05-23,0288.HK,Decision Tree,286,7.139919757843018,6.007191605038113,1.132728152804905
2025-05-26,0288.HK,Decision Tree,287,7.074070453643799,6.007191605038113,1.0668788486056862
2025-05-27,0288.HK,Decision Tree,288,6.9800004959106445,6.007191605038113,0.9728088908725319
2025-05-28,0288.HK,Decision Tree,289,7.045849323272705,6.007191605038113,1.0386577182345924
2025-05-29,0288.HK,Decision Tree,290,7.177547931671143,6.007191605038113,1.17035632663303
2025-05-30,0288.HK,Decision Tree,291,7.346873760223389,6.007191605038113,1.339682155185276
2025-06-02,0288.HK,Decision Tree,292,7.186954498291016,6.007191605038113,1.179762893252903
2025-06-03,0288.HK,Decision Tree,293,7.271617889404297,6.007191605038113,1.2644262843661842
2025-06-04,0288.HK,Decision Tree,294,7.281024932861328,6.007191605038113,1.2738333278232155
2025-06-05,0288.HK,Decision Tree,295,7.469164848327637,6.007191605038113,1.461973243289524
2025-06-06,0288.HK,Decision Tree,296,7.676118850708008,6.007191605038113,1.6689272456698951
2025-06-09,0288.HK,Decision Tree,297,7.600862979888916,6.007191605038113,1.5936713748508033
2025-06-10,0288.HK,Decision Tree,298,7.535014152526855,6.007191605038113,1.527822547488742
2025-06-11,0288.HK,Decision Tree,299,7.49738597869873,6.007191605038113,1.490194373660617
2025-06-12,0288.HK,Decision Tree,300,7.450350761413574,6.007191605038113,1.4431591563754615
2025-06-13,0288.HK,Decision Tree,301,7.49738597869873,6.007191605038113,1.490194373660617
2025-06-16,0288.HK,Decision Tree,302,7.619677066802978,6.007191605038113,1.612485461764865
2025-06-17,0288.HK,Decision Tree,303,7.57264232635498,6.007191605038113,1.565450721316867
2025-06-18,0288.HK,Decision Tree,304,7.440943717956543,6.007191605038113,1.4337521129184303
2025-06-19,0288.HK,Decision Tree,305,7.49738597869873,6.007191605038113,1.490194373660617
2025-06-20,0288.HK,Decision Tree,306,7.49738597869873,6.007191605038113,1.490194373660617
2025-06-23,0288.HK,Decision Tree,307,7.450350761413574,6.007191605038113,1.4431591563754615
2025-06-24,0288.HK,Decision Tree,308,7.55382776260376,6.007191605038113,1.546636157565647
2025-06-25,0288.HK,Decision Tree,309,7.610270023345947,6.007191605038113,1.6030784183078346
2025-06-26,0288.HK,Decision Tree,310,7.657305240631103,6.007191605038113,1.65011363559299
2025-06-27,0288.HK,Decision Tree,311,7.516200065612793,6.007191605038113,1.5090084605746803
2025-06-30,0288.HK,Decision Tree,312,7.403315544128418,6.007191605038113,1.3961239390903053
2025-07-02,0288.HK,Decision Tree,313,7.864258766174316,6.007191605038113,1.8570671611362037
2025-07-03,0288.HK,Decision Tree,314,7.732561111450195,6.007191605038113,1.7253695064120826
2025-07-04,0288.HK,Decision Tree,315,7.57264232635498,6.007191605038113,1.565450721316867
2025-07-07,0288.HK,Decision Tree,316,7.506793022155762,6.007191605038113,1.499601417117649
2025-07-08,0288.HK,Decision Tree,317,7.741967678070068,6.007191605038113,1.7347760730319557
2025-07-09,0288.HK,Decision Tree,318,7.789003372192383,6.007191605038113,1.7818117671542701
2025-07-10,0288.HK,Decision Tree,319,7.760782718658447,6.007191605038113,1.7535911136203346
2025-07-11,0288.HK,Decision Tree,320,7.789003372192383,6.007191605038113,1.7818117671542701
2025-07-14,0288.HK,Decision Tree,321,7.914321422576904,6.007191605038113,1.9071298175387916
2025-07-15,0288.HK,Decision Tree,322,7.817922592163086,6.007191605038113,1.8107309871249733
2025-07-16,0288.HK,Decision Tree,323,7.885402202606201,6.007191605038113,1.8782105975680885
2025-07-17,0288.HK,Decision Tree,324,7.962521076202393,6.007191605038113,1.95532947116428
2025-07-18,0288.HK,Decision Tree,325,8.039639472961426,6.007191605038113,2.032447867923313
2025-07-21,0288.HK,Decision Tree,326,8.097477912902832,6.007191605038113,2.0902863078647194
2025-07-22,0288.HK,Decision Tree,327,8.14567756652832,6.007191605038113,2.1384859614902076
2025-07-23,0288.HK,Decision Tree,328,8.087839126586914,6.007191605038113,2.0806475215488014
2025-07-24,0288.HK,Decision Tree,329,8.107118606567383,6.007191605038113,2.09992700152927
2025-07-25,0288.HK,Decision Tree,330,8.039639472961426,6.007191605038113,2.032447867923313
2025-07-28,0288.HK,Decision Tree,331,8.087839126586914,6.007191605038113,2.0806475215488014
2025-07-29,0288.HK,Decision Tree,332,8.222796440124512,6.007191605038113,2.215604835086399
2025-07-30,0288.HK,Decision Tree,333,8.405954360961914,6.007191605038113,2.3987627559238014
2025-07-31,0288.HK,Decision Tree,334,8.560192108154297,6.007191605038113,2.553000503116184
2025-08-01,0288.HK,Decision Tree,335,8.49271297454834,6.007191605038113,2.485521369510227
2025-08-04,0288.HK,Decision Tree,336,8.473433494567871,6.007191605038113,2.4662418895297584
2025-08-05,0288.HK,Decision Tree,337,8.434873580932617,6.007191605038113,2.4276819758945045
2025-08-06,0288.HK,Decision Tree,338,8.299915313720703,6.007191605038113,2.2927237086825905
2025-08-07,0288.HK,Decision Tree,339,8.280635833740234,6.007191605038113,2.2734442287021217
2025-08-08,0288.HK,Decision Tree,340,8.290276527404785,6.007191605038113,2.2830849223666725
2025-08-11,0288.HK,Decision Tree,341,8.280635833740234,6.007191605038113,2.2734442287021217
2025-08-12,0288.HK,Decision Tree,342,8.184237480163574,6.007191605038113,2.1770458751254615
2025-08-13,0288.HK,Decision Tree,343,8.174596786499023,6.007191605038113,2.1674051814609108
2025-08-14,0288.HK,Decision Tree,344,8.097477912902832,6.007191605038113,2.0902863078647194
2025-08-15,0288.HK,Decision Tree,345,8.213157653808594,6.007191605038113,2.205966048770481
2025-08-18,0288.HK,Decision Tree,346,8.251716613769531,6.007191605038113,2.2445250087314186
2025-08-19,0288.HK,Decision Tree,347,8.126399040222168,6.007191605038113,2.1192074351840553
2025-08-20,0288.HK,Decision Tree,348,8.203516960144043,6.007191605038113,2.1963253551059303
2025-08-21,0288.HK,Decision Tree,349,8.029999732971191,6.007191605038113,2.0228081279330787
2025-08-22,0288.HK,Decision Tree,350,7.860000133514404,6.007191605038113,1.8528085284762916
2025-08-25,0288.HK,Decision Tree,351,7.920000076293945,6.007191605038113,1.9128084712558326
2025-08-26,0288.HK,Decision Tree,352,7.860000133514404,6.007191605038113,1.8528085284762916
2025-08-27,0288.HK,Decision Tree,353,7.71999979019165,6.007191605038113,1.7128081851535377
2025-08-28,0288.HK,Decision Tree,354,7.650000095367432,6.007191605038113,1.642808490329319
2025-08-29,0288.HK,Decision Tree,355,7.349999904632568,6.007191605038113,1.3428082995944557
2025-09-01,0288.HK,Decision Tree,356,7.550000190734863,6.007191605038113,1.5428085856967506
2025-09-02,0288.HK,Decision Tree,357,7.389999866485596,6.007191605038113,1.382808261447483
2025-09-03,0288.HK,Decision Tree,358,7.289999961853027,6.007191605038113,1.2828083568149147
2025-09-04,0288.HK,Decision Tree,359,7.369999885559082,6.007191605038113,1.3628082805209694
2025-09-05,0288.HK,Decision Tree,360,7.340000152587891,6.007191605038113,1.332808547549778
2025-09-08,0288.HK,Decision Tree,361,7.309999942779541,6.007191605038113,1.3028083377414283
2025-09-09,0288.HK,Decision Tree,362,7.300000190734863,6.007191605038113,1.2928085856967506
2025-09-10,0288.HK,Decision Tree,363,7.400000095367432,6.007191605038113,1.392808490329319
2024-03-19,0288.HK,LSTM,0,4.743656635284424,4.500015735626221,0.24364089965820312
2024-03-20,0288.HK,LSTM,1,4.6466827392578125,4.605107307434082,0.04157543182373047
2024-03-21,0288.HK,LSTM,2,4.5981950759887695,4.558955192565918,0.03923988342285156
2024-03-22,0288.HK,LSTM,3,4.5981950759887695,4.51469612121582,0.08349895477294922
2024-03-25,0288.HK,LSTM,4,4.638601303100586,4.507611274719238,0.13099002838134766
2024-03-26,0288.HK,LSTM,5,4.711331367492676,4.544698238372803,0.16663312911987305
2024-03-27,0288.HK,LSTM,6,4.804207801818848,4.6065521240234375,0.19765567779541016
2024-03-28,0288.HK,LSTM,7,4.686002731323242,4.685471534729004,0.0005311965942382812
2024-04-02,0288.HK,LSTM,8,4.753548622131348,4.603764057159424,0.14978456497192383
2024-04-03,0288.HK,LSTM,9,4.745105266571045,4.650950908660889,0.09415435791015625
2024-04-05,0288.HK,LSTM,10,4.728218078613281,4.6546735763549805,0.07354450225830078
2024-04-08,0288.HK,LSTM,11,4.745105266571045,4.639500617980957,0.10560464859008789
2024-04-09,0288.HK,LSTM,12,4.753548622131348,4.655155181884766,0.09839344024658203
2024-04-10,0288.HK,LSTM,13,4.753548622131348,4.664486885070801,0.08906173706054688
2024-04-11,0288.HK,LSTM,14,4.778878211975098,4.663879871368408,0.11499834060668945
2024-04-12,0288.HK,LSTM,15,4.787321090698242,4.6861419677734375,0.10117912292480469
2024-04-15,0288.HK,LSTM,16,4.626899719238281,4.6954145431518555,0.06851482391357422
2024-04-16,0288.HK,LSTM,17,4.550909996032715,4.561770439147949,0.010860443115234375
2024-04-17,0288.HK,LSTM,18,4.491807460784912,4.477578163146973,0.014229297637939453
2024-04-18,0288.HK,LSTM,19,4.491807460784912,4.417030334472656,0.07477712631225586
2024-04-19,0288.HK,LSTM,20,4.534023761749268,4.401081562042236,0.13294219970703125
2024-04-22,0288.HK,LSTM,21,4.601569652557373,4.433164119720459,0.16840553283691406
2024-04-23,0288.HK,LSTM,22,4.534023761749268,4.4970011711120605,0.03702259063720703
2024-04-24,0288.HK,LSTM,23,4.491807460784912,4.444587707519531,0.04721975326538086
2024-04-25,0288.HK,LSTM,24,4.356715679168701,4.403811931610107,0.04709625244140625
2024-04-26,0288.HK,LSTM,25,4.280726909637451,4.303207874298096,0.02248096466064453
2024-04-29,0288.HK,LSTM,26,4.365158557891846,4.224676609039307,0.14048194885253906
2024-04-30,0288.HK,LSTM,27,4.365158557891846,4.264705181121826,0.10045337677001953
2024-05-02,0288.HK,LSTM,28,4.415817737579346,4.272373199462891,0.14344453811645508
2024-05-03,0288.HK,LSTM,29,4.458034515380859,4.321771144866943,0.13626337051391602
2024-05-06,0288.HK,LSTM,30,4.449590682983398,4.36940336227417,0.08018732070922852
2024-05-07,0288.HK,LSTM,31,4.390488624572754,4.364182472229004,0.02630615234375
2024-05-08,0288.HK,LSTM,32,4.280726909637451,4.315093994140625,0.03436708450317383
2024-05-09,0288.HK,LSTM,33,4.407375335693359,4.229862689971924,0.17751264572143555
2024-05-10,0288.HK,LSTM,34,4.373601913452148,4.290173530578613,0.08342838287353516
2024-05-13,0288.HK,LSTM,35,4.348272800445557,4.28673791885376,0.061534881591796875
2024-05-14,0288.HK,LSTM,36,4.289169788360596,4.265713691711426,0.023456096649169922
2024-05-16,0288.HK,LSTM,37,4.339829444885254,4.219240188598633,0.1205892562866211
2024-05-17,0288.HK,LSTM,38,4.331385612487793,4.2472944259643555,0.0840911865234375
2024-05-20,0288.HK,LSTM,39,4.407375335693359,4.244513511657715,0.16286182403564453
2024-05-21,0288.HK,LSTM,40,4.424262046813965,4.304096221923828,0.12016582489013672
2024-05-22,0288.HK,LSTM,41,4.297613143920898,4.336919784545898,0.039306640625
2024-05-23,0288.HK,LSTM,42,4.27228307723999,4.249527931213379,0.022755146026611328
2024-05-24,0288.HK,LSTM,43,4.230066776275635,4.205005645751953,0.02506113052368164
2024-05-27,0288.HK,LSTM,44,4.154077529907227,4.164388179779053,0.010310649871826172
2024-05-28,0288.HK,LSTM,45,4.204737186431885,4.105092525482178,0.09964466094970703
2024-05-29,0288.HK,LSTM,46,4.424262046813965,4.120771884918213,0.30349016189575195
2024-05-30,0288.HK,LSTM,47,4.415817737579346,4.256895065307617,0.15892267227172852
2024-05-31,0288.HK,LSTM,48,4.550909996032715,4.323587894439697,0.22732210159301758
2024-06-03,0288.HK,LSTM,49,4.51713752746582,4.432819843292236,0.08431768417358398
2024-06-04,0288.HK,LSTM,50,4.550909996032715,4.4405364990234375,0.11037349700927734
2024-06-05,0288.HK,LSTM,51,4.415817737579346,4.4707818031311035,0.05496406555175781
2024-06-06,0288.HK,LSTM,52,4.424262046813965,4.376864433288574,0.047397613525390625
2024-06-07,0288.HK,LSTM,53,4.474921703338623,4.354267120361328,0.12065458297729492
2024-06-11,0288.HK,LSTM,54,4.415817737579346,4.392110347747803,0.02370738983154297
2024-06-12,0288.HK,LSTM,55,4.331385612487793,4.347618579864502,0.016232967376708984
2024-06-13,0288.HK,LSTM,56,4.196293354034424,4.275401592254639,0.07910823822021484
2024-06-14,0288.HK,LSTM,57,4.27228307723999,4.17268705368042,0.09959602355957031
2024-06-17,0288.HK,LSTM,58,4.187850475311279,4.192036151885986,0.004185676574707031
2024-06-18,0288.HK,LSTM,59,4.289169788360596,4.137467384338379,0.1517024040222168
2024-06-19,0288.HK,LSTM,60,4.2385101318359375,4.18756103515625,0.0509490966796875
2024-06-20,0288.HK,LSTM,61,4.213180541992188,4.165902137756348,0.04727840423584073
2024-06-21,0288.HK,LSTM,62,4.339829444885254,4.13921594619751,0.20061349868774414
2024-06-24,0288.HK,LSTM,63,4.398931980133057,4.216960906982422,0.18197107315063477
2024-06-25,0288.HK,LSTM,64,4.458034515380859,4.296512603759766,0.16152191162109375
2024-06-26,0288.HK,LSTM,65,4.407375335693359,4.365932941436768,0.0414423942565918
2024-06-27,0288.HK,LSTM,66,4.441148281097412,4.337594509124756,0.10355377197265625
2024-06-28,0288.HK,LSTM,67,4.441148281097412,4.36161470413208,0.07953357696533203
2024-07-02,0288.HK,LSTM,68,4.432705402374268,4.36558723449707,0.06711816787719727
2024-07-03,0288.HK,LSTM,69,4.804207801818848,4.356945037841797,0.4472627639770508
2024-07-04,0288.HK,LSTM,70,4.753548622131348,4.553716659545898,0.19983196258544922
2024-07-05,0288.HK,LSTM,71,4.753548622131348,4.635599136352539,0.1179494857788086
2024-07-08,0288.HK,LSTM,72,4.694445610046387,4.654778480529785,0.03966712951660156
2024-07-09,0288.HK,LSTM,73,4.702888488769531,4.622980117797852,0.07990837097167969
2024-07-10,0288.HK,LSTM,74,4.677558898925781,4.627410888671875,0.05014801025390625
2024-07-11,0288.HK,LSTM,75,4.6437859535217285,4.607160568237305,0.03662538528442383
2024-07-12,0288.HK,LSTM,76,4.702888488769531,4.571650981903076,0.13123750686645508
2024-07-15,0288.HK,LSTM,77,4.702888488769531,4.610393524169922,0.09249496459960938
2024-07-16,0288.HK,LSTM,78,4.771670341491699,4.6167731285095215,0.15489721298217773
2024-07-17,0288.HK,LSTM,79,4.68569278717041,4.670694828033447,0.01499795913696289
2024-07-18,0288.HK,LSTM,80,4.788865089416504,4.603117942810059,0.1857471466064453
2024-07-19,0288.HK,LSTM,81,4.8834381103515625,4.673088073730469,0.21035003662109375
2024-07-22,0288.HK,LSTM,82,4.866243839263916,4.756825923919678,0.10941791534423828
2024-07-23,0288.HK,LSTM,83,4.814657688140869,4.765438556671143,0.04921913146972656
2024-07-24,0288.HK,LSTM,84,4.857645511627197,4.725858688354492,0.13178682327270508
2024-07-25,0288.HK,LSTM,85,4.909231185913086,4.761932373046875,0.14729881286621094
2024-07-26,0288.HK,LSTM,86,4.909231185913086,4.805205345153809,0.10402584075927734
2024-07-29,0288.HK,LSTM,87,4.935024261474609,4.810397624969482,0.12462663650512695
2024-07-30,0288.HK,LSTM,88,4.9436211585998535,4.835155010223389,0.10846614837646484
2024-07-31,0288.HK,LSTM,89,4.952219486236572,4.844593524932861,0.10762596130371094
2024-08-01,0288.HK,LSTM,90,5.0381951332092285,4.8536376953125,0.18455743789672852
2024-08-02,0288.HK,LSTM,91,5.05539083480835,4.9171953201293945,0.13819551467895508
2024-08-05,0288.HK,LSTM,92,5.089781284332275,4.944334983825684,0.1454463005065918
2024-08-06,0288.HK,LSTM,93,5.132769107818604,4.976218223571777,0.15655088424682706
2024-08-07,0288.HK,LSTM,94,5.167159080505371,5.012730121612549,0.15442895889282227
2024-08-08,0288.HK,LSTM,95,5.210147380828857,5.045687675476074,0.1644597053527832
2024-08-09,0288.HK,LSTM,96,5.270330905914307,5.08240270614624,0.1879281997680664
2024-08-12,0288.HK,LSTM,97,5.261733055114746,5.127290725708008,0.13444232940673828
2024-08-13,0288.HK,LSTM,98,5.433685302734375,5.134642601013184,0.2990427017211914
2024-08-14,0288.HK,LSTM,99,5.2875261306762695,5.225961208343506,0.06156492233276367
2024-08-15,0288.HK,LSTM,100,5.296123504638672,5.154805660247803,0.14131784439086914
2024-08-16,0288.HK,LSTM,101,5.476672649383545,5.173236846923828,0.3034358024597168
2024-08-19,0288.HK,LSTM,102,5.373501777648926,5.265361309051514,0.10814046859741211
2024-08-20,0288.HK,LSTM,103,5.468076229095459,5.228952884674072,0.23912334442138672
2024-08-21,0288.HK,LSTM,104,5.536856651306152,5.286896705627441,0.24995994567871094
2024-08-22,0288.HK,LSTM,105,5.270330905914307,5.34065580368042,0.07032489776611328
2024-08-23,0288.HK,LSTM,106,5.313318729400635,5.143298149108887,0.17002058029174805
2024-08-26,0288.HK,LSTM,107,5.33051347732544,5.18129825592041,0.14921522140503019
2024-08-27,0288.HK,LSTM,108,5.210147380828857,5.1997880935668945,0.01035928726196289
2024-08-28,0288.HK,LSTM,109,5.10697603225708,5.080300331115723,0.026675701141357422
2024-08-29,0288.HK,LSTM,110,5.158561706542969,4.984797954559326,0.17376375198364258
2024-08-30,0288.HK,LSTM,111,5.17575740814209,5.031795024871826,0.14396238327026367
2024-09-02,0288.HK,LSTM,112,5.244537830352783,5.054002285003662,0.1905355453491211
2024-09-03,0288.HK,LSTM,113,5.304720878601074,5.102461814880371,0.20225906372070312
2024-09-04,0288.HK,LSTM,114,5.304720878601074,5.151915073394775,0.15280580520629883
2024-09-05,0288.HK,LSTM,115,5.321916580200195,5.1663641929626465,0.15555238723754883
2024-09-09,0288.HK,LSTM,116,5.390697479248047,5.1857523918151855,0.20494508743286133
2024-09-10,0288.HK,LSTM,117,5.399294853210449,5.2299604415893555,0.16933441162109375
2024-09-11,0288.HK,LSTM,118,5.416490077972412,5.2539238929748535,0.1625661849975586
2024-09-12,0288.HK,LSTM,119,5.399294853210449,5.273070335388184,0.12622451782226562
2024-09-13,0288.HK,LSTM,120,5.485271453857422,5.2586164474487305,0.2266550064086914
2024-09-16,0288.HK,LSTM,121,5.210147380828857,5.310495853424072,0.10034847259521484
2024-09-17,0288.HK,LSTM,122,5.244537830352783,5.087573528289795,0.15696430206298828
2024-09-19,0288.HK,LSTM,123,5.235940456390381,5.117349147796631,0.11859130859375
2024-09-20,0288.HK,LSTM,124,5.167159080505371,5.11293888092041,0.05422019958496094
2024-09-23,0288.HK,LSTM,125,5.124171733856201,5.038344860076904,0.08582687377929688
2024-09-24,0288.HK,LSTM,126,5.296123504638672,4.996339321136475,0.29978418350219727
2024-09-25,0288.HK,LSTM,127,5.347709655761719,5.110699653625488,0.23701000213623047
2024-09-26,0288.HK,LSTM,128,5.296123504638672,5.169970989227295,0.12615251541137695
2024-09-27,0288.HK,LSTM,129,5.22734260559082,5.154532432556152,0.07281017303466797
2024-09-30,0288.HK,LSTM,130,5.347709655761719,5.097498893737793,0.2502107620239258
2024-10-02,0288.HK,LSTM,131,5.244537830352783,5.178846836090088,0.06569099426269531
2024-10-03,0288.HK,LSTM,132,5.304720878601074,5.107995986938477,0.19672489166259766
2024-10-04,0288.HK,LSTM,133,5.373501777648926,5.161238193511963,0.2122635841369629
2024-10-07,0288.HK,LSTM,134,5.45088005065918,5.210331439971924,0.24054861068725586
2024-10-08,0288.HK,LSTM,135,5.528258323669434,5.2654523849487305,0.2628059387207031
2024-10-09,0288.HK,LSTM,136,5.528258323669434,5.325908184051514,0.20235013961791992
2024-10-10,0288.HK,LSTM,137,5.40789270401001,5.355723857879639,0.052168846130371094
2024-10-14,0288.HK,LSTM,138,5.425086975097656,5.26287317276001,0.16221380233764648
2024-10-15,0288.HK,LSTM,139,5.33051347732544,5.292438983917236,0.03807449340820401
2024-10-16,0288.HK,LSTM,140,5.364903926849365,5.193389415740967,0.17151451110839844
2024-10-17,0288.HK,LSTM,141,5.339111328,5.231109619140625,0.10800170885937543
2024-10-18,0288.HK,LSTM,142,5.304720878601074,5.207785129547119,0.09693574905395508
2024-10-21,0288.HK,LSTM,143,5.382099628448486,5.175998210906982,0.2061014175415039
2024-10-22,0288.HK,LSTM,144,5.339111328,5.232451438903809,0.10665988909619184
2024-10-23,0288.HK,LSTM,145,5.45947790145874,5.204195022583008,0.2552828788757324
2024-10-24,0288.HK,LSTM,146,5.476672649383545,5.275233268737793,0.20143938064575195
2024-10-25,0288.HK,LSTM,147,5.373501777648926,5.308891773223877,0.06461000442504883
2024-10-28,0288.HK,LSTM,148,5.373501777648926,5.226739406585693,0.14676237106323242
2024-10-29,0288.HK,LSTM,149,5.476672649383545,5.240273952484131,0.23639869689941406
2024-10-30,0288.HK,LSTM,150,5.562649250030518,5.299111366271973,0.2635378837585449
2024-10-31,0288.HK,LSTM,151,5.674417972564697,5.358061790466309,0.31635618209838867
2024-11-01,0288.HK,LSTM,152,5.597040176391602,5.435816287994385,0.1612238883972168
2024-11-04,0288.HK,LSTM,153,5.511063575744629,5.424462795257568,0.08660078048706055
2024-11-05,0288.HK,LSTM,154,5.382099628448486,5.359386444091797,0.022713184356689453
2024-11-06,0288.HK,LSTM,155,5.442283153533936,5.2426981925964355,0.1995849609375009
2024-11-07,0288.HK,LSTM,156,5.244537830352783,5.295323848724365,0.05078601837158203
2024-11-08,0288.HK,LSTM,157,5.158561706542969,5.109951972961426,0.04860973358154297
2024-11-11,0288.HK,LSTM,158,5.089781284332275,5.026281833648682,0.06349945068359375
2024-11-12,0288.HK,LSTM,159,5.098378658294678,4.962121486663818,0.13625717163085938
2024-11-13,0288.HK,LSTM,160,5.132769107818604,4.96863317489624,0.16413593292236417
2024-11-14,0288.HK,LSTM,161,5.132769107818604,5.009718418121338,0.12305068969726651
2024-11-15,0288.HK,LSTM,162,5.17575740814209,5.010981559753418,0.16477584838867188
2024-11-18,0288.HK,LSTM,163,5.10697603225708,5.0467987060546875,0.06017732620239258
2024-11-19,0288.HK,LSTM,164,5.141366481781006,4.97873592376709,0.16263055801391602
2024-11-20,0288.HK,LSTM,165,5.05539083480835,5.017053604125977,0.03833723068237305
2024-11-21,0288.HK,LSTM,166,4.9780120849609375,4.927718162536621,0.050293922424316406
2024-11-22,0288.HK,LSTM,167,5.124171733856201,4.856985569000244,0.26718616485595703
2024-11-25,0288.HK,LSTM,168,5.029597759246826,4.964228630065918,0.0653691291809082
2024-11-26,0288.HK,LSTM,169,5.081183433532715,4.899532318115234,0.18165111541748047
2024-11-27,0288.HK,LSTM,170,4.986610412597656,4.94854211807251,0.038068294525146484
2024-11-28,0288.HK,LSTM,171,5.115573406219482,4.864063262939453,0.2515101432800293
2024-11-29,0288.HK,LSTM,172,5.149964332580566,4.961493492126465,0.18847084045410156
2024-12-02,0288.HK,LSTM,173,5.124171733856201,5.008254051208496,0.11591768264770508
2024-12-03,0288.HK,LSTM,174,5.192952156066895,5.000386714935303,0.19256544113159269
2024-12-04,0288.HK,LSTM,175,5.33051347732544,5.054937362670898,0.2755761146545419
2024-12-05,0288.HK,LSTM,176,5.57124662399292,5.1387038230896,0.4325428009033203
2024-12-06,0288.HK,LSTM,177,5.562649250030518,5.282959461212158,0.2796897888183594
2024-12-09,0288.HK,LSTM,178,5.347709655761719,5.344681739807129,0.0030279159545898438
2024-12-10,0288.HK,LSTM,179,5.364903926849365,5.218106746673584,0.14679718017578125
2024-12-11,0288.HK,LSTM,180,5.364903926849365,5.238622188568115,0.12628173828125
2024-12-12,0288.HK,LSTM,181,5.244537830352783,5.235593318939209,0.008944511413574219
2024-12-13,0288.HK,LSTM,182,5.356306552886963,5.120321750640869,0.23598480224609375
2024-12-16,0288.HK,LSTM,183,5.33051347732544,5.197703838348389,0.13280963897705167
2024-12-17,0288.HK,LSTM,184,5.373501777648926,5.194122791290283,0.17937898635864258
2024-12-18,0288.HK,LSTM,185,5.2875261306762695,5.230609893798828,0.056916236877441406
2024-12-19,0288.HK,LSTM,186,5.253135681152344,5.15175724029541,0.1013784408569336
2024-12-20,0288.HK,LSTM,187,5.22734260559082,5.1291117668151855,0.09823083877563477
2024-12-23,0288.HK,LSTM,188,5.132769107818604,5.1056060791015625,0.027163028717041904
2024-12-24,0288.HK,LSTM,189,5.313318729400635,5.007534503936768,0.3057842254638672
2024-12-27,0288.HK,LSTM,190,5.244537830352783,5.1258721351623535,0.11866569519042969
2024-12-30,0288.HK,LSTM,191,5.124171733856201,5.106616020202637,0.017555713653564453
2024-12-31,0288.HK,LSTM,192,5.05539083480835,4.99461030960083,0.06078052520751953
2025-01-02,0288.HK,LSTM,193,5.130169868469238,4.931847095489502,0.19832277297973633
2025-01-03,0288.HK,LSTM,194,5.190525531768799,4.992905139923096,0.19762039184570312
2025-01-06,0288.HK,LSTM,195,5.225013732910156,5.046795845031738,0.17821788787841797
2025-01-07,0288.HK,LSTM,196,5.328479290008545,5.084338188171387,0.2441411018371582
2025-01-08,0288.HK,LSTM,197,5.319857120513916,5.152863025665283,0.1669940948486328
2025-01-09,0288.HK,LSTM,198,5.414700984954834,5.176674842834473,0.23802614212036133
2025-01-10,0288.HK,LSTM,199,5.388834476470947,5.233076095581055,0.15575838088989258
2025-01-13,0288.HK,LSTM,200,5.509544372558594,5.24271821975708,0.26682615280151367
2025-01-14,0288.HK,LSTM,201,5.466433525085449,5.308244228363037,0.1581892967224121
2025-01-15,0288.HK,LSTM,202,5.500922679901123,5.31251335144043,0.18840932846069336
2025-01-16,0288.HK,LSTM,203,5.6043877601623535,5.339985370635986,0.2644023895263672
2025-01-17,0288.HK,LSTM,204,5.811318874359131,5.397393703460693,0.4139251708984375
2025-01-20,0288.HK,LSTM,205,5.906162261962891,5.520881652832031,0.3852806091308594
2025-01-21,0288.HK,LSTM,206,5.957895278930664,5.614634037017822,0.3432612419128418
2025-01-22,0288.HK,LSTM,207,5.957895278930664,5.6803107261657715,0.2775845527648926
2025-01-23,0288.HK,LSTM,208,5.957895278930664,5.713664531707764,0.2442307472229004
2025-01-24,0288.HK,LSTM,209,5.914784908294678,5.734694480895996,0.18009042739868164
2025-01-27,0288.HK,LSTM,210,5.950202465057373,5.716846942901611,0.23335552215576172
2025-01-28,0288.HK,LSTM,211,5.799676895141602,5.7395501136779785,0.06012678146362305
2025-02-03,0288.HK,LSTM,212,5.932493209838867,5.6226983070373535,0.30979490280151367
2025-02-04,0288.HK,LSTM,213,5.941347599029541,5.6944899559021,0.2468576431274414
2025-02-05,0288.HK,LSTM,214,6.038747310638428,5.721934795379639,0.31681251525878906
2025-02-06,0288.HK,LSTM,215,6.003329277038574,5.774850368499756,0.22847890853881836
2025-02-07,0288.HK,LSTM,216,5.985620498657227,5.781848430633545,0.20377206802368164
2025-02-10,0288.HK,LSTM,217,5.9679107666015625,5.777792453765869,0.19011831283569336
2025-02-11,0288.HK,LSTM,218,5.897075176239014,5.768344879150391,0.12873029708862305
2025-02-12,0288.HK,LSTM,219,6.127291202545166,5.7138190269470215,0.41347217559814453
2025-02-13,0288.HK,LSTM,220,6.16270923614502,5.827191352844238,0.33551788330078214
2025-02-14,0288.HK,LSTM,221,6.198127269744873,5.876287937164307,0.3218393325805664
2025-02-17,0288.HK,LSTM,222,6.322090148925781,5.915335655212402,0.4067544937133789
2025-02-18,0288.HK,LSTM,223,6.2423996925354,5.9959797859191895,0.24641990661621094
2025-02-19,0288.HK,LSTM,224,6.437198162078857,5.980932712554932,0.4562654495239258
2025-02-20,0288.HK,LSTM,225,6.454906940460206,6.089325428009033,0.36558151245117276
2025-02-21,0288.HK,LSTM,226,5.897075176239014,6.130232334136963,0.23315715789794922
2025-02-24,0288.HK,LSTM,227,5.959056854248047,5.668843746185303,0.29021310806274414
2025-02-25,0288.HK,LSTM,228,5.773113250732422,5.76396369934082,0.009149551391601562
2025-02-26,0288.HK,LSTM,229,5.985620498657227,5.583652019500732,0.40196847915649414
2025-02-27,0288.HK,LSTM,230,5.950202465057373,5.710323810577393,0.23987865447998047
2025-02-28,0288.HK,LSTM,231,6.065310478210449,5.728843688964844,0.33646678924560547
2025-03-03,0288.HK,LSTM,232,6.215836524963379,5.786067962646484,0.42976856231689453
2025-03-04,0288.HK,LSTM,233,6.171564102172852,5.887402057647705,0.2841620445251465
2025-03-05,0288.HK,LSTM,234,5.985620498657227,5.903088569641113,0.08253192901611328
2025-03-06,0288.HK,LSTM,235,5.9944748878479,5.765415191650391,0.22905969619750977
2025-03-07,0288.HK,LSTM,236,6.145000457763672,5.787818908691406,0.3571815490722656
2025-03-10,0288.HK,LSTM,237,6.16270923614502,5.8581953048706055,0.30451393127441495
2025-03-11,0288.HK,LSTM,238,6.074165344238281,5.891418933868408,0.18274641036987305
2025-03-12,0288.HK,LSTM,239,6.127291202545166,5.848055839538574,0.2792353630065918
2025-03-13,0288.HK,LSTM,240,6.136146068572998,5.879336833953857,0.2568092346191406
2025-03-14,0288.HK,LSTM,241,6.145000457763672,5.896162033081055,0.2488384246826172
2025-03-17,0288.HK,LSTM,242,6.118436813354492,5.9084062576293945,0.21003055572509766
2025-03-18,0288.HK,LSTM,243,6.189272403717041,5.894221782684326,0.29505062103271484
2025-03-19,0288.HK,LSTM,244,6.260108947753906,5.929304599761963,0.33080434799194336
2025-03-20,0288.HK,LSTM,245,6.3663625717163095,5.974140644073486,0.39222192764282315
2025-03-21,0288.HK,LSTM,246,6.065310478210449,6.042852401733398,0.02245807647705078
2025-03-24,0288.HK,LSTM,247,6.056456089019775,5.824749946594238,0.2317061424255371
2025-03-25,0288.HK,LSTM,248,6.029892444610596,5.8481316566467285,0.1817607879638672
2025-03-26,0288.HK,LSTM,249,6.293288707733154,5.8273820877075195,0.46590662002563477
2025-03-27,0288.HK,LSTM,250,6.3026957511901855,5.9574480056762695,0.345247745513916
2025-03-28,0288.HK,LSTM,251,6.283881664276123,5.997222423553467,0.28665924072265625
2025-03-31,0288.HK,LSTM,252,6.255660533905029,6.010102272033691,0.2455582618713379
2025-04-01,0288.HK,LSTM,253,6.406172752380372,6.005259990692139,0.4009127616882333
2025-04-02,0288.HK,LSTM,254,6.4155802726745605,6.08006477355957,0.33551549911499023
2025-04-03,0288.HK,LSTM,255,6.547277927398682,6.1109795570373535,0.4362983703613281
2025-04-07,0288.HK,LSTM,256,6.6883835792541495,6.192294120788574,0.4960894584655753
2025-04-08,0288.HK,LSTM,257,6.613127231597901,6.298369407653809,0.3147578239440927
2025-04-09,0288.HK,LSTM,258,6.697790145874023,6.294574737548828,0.4032154083251953
2025-04-10,0288.HK,LSTM,259,6.707197666168212,6.344351291656494,0.36284637451171786
2025-04-11,0288.HK,LSTM,260,6.697790145874023,6.370917320251465,0.3268728256225586
2025-04-14,0288.HK,LSTM,261,6.810673713684081,6.382604598999023,0.4280691146850577
2025-04-15,0288.HK,LSTM,262,6.820081233978272,6.44284200668335,0.37723922729492276
2025-04-16,0288.HK,LSTM,263,6.848302364349364,6.47141695022583,0.37688541412353427
2025-04-17,0288.HK,LSTM,264,6.8577094078063965,6.500502586364746,0.3572068214416504
2025-04-22,0288.HK,LSTM,265,6.838895320892333,6.519688129425049,0.31920719146728427
2025-04-23,0288.HK,LSTM,266,6.914151191711425,6.521657466888428,0.39249372482299716
2025-04-24,0288.HK,LSTM,267,6.951779365539551,6.560955047607422,0.3908243179321289
2025-04-25,0288.HK,LSTM,268,7.027035713195801,6.5933613777160645,0.43367433547973633
2025-04-28,0288.HK,LSTM,269,7.074070453643798,6.644093036651611,0.4299774169921866
2025-04-29,0288.HK,LSTM,270,7.121105670928955,6.68775749206543,0.4333481788635254
2025-04-30,0288.HK,LSTM,271,7.074070453643798,6.730959892272949,0.3431105613708487
2025-05-02,0288.HK,LSTM,272,7.111698627471924,6.727625846862793,0.38407278060913086
2025-05-06,0288.HK,LSTM,273,6.923558712005616,6.752084732055664,0.17147397994995206
2025-05-07,0288.HK,LSTM,274,6.998814582824708,6.617730140686035,0.38108444213867276
2025-05-08,0288.HK,LSTM,275,6.791860103607178,6.663668155670166,0.12819194793701172
2025-05-09,0288.HK,LSTM,276,6.88593053817749,6.490301609039307,0.3956289291381836
2025-05-12,0288.HK,LSTM,277,6.904744625091553,6.553196430206299,0.3515481948852539
2025-05-13,0288.HK,LSTM,278,7.074070453643798,6.573809623718262,0.5002608299255362
2025-05-14,0288.HK,LSTM,279,7.102291584014893,6.663113594055176,0.4391779899597168
2025-05-15,0288.HK,LSTM,280,7.083477497100829,6.705465316772461,0.37801218032836825
2025-05-16,0288.HK,LSTM,281,7.130512237548829,6.718005180358887,0.4125070571899423
2025-05-19,0288.HK,LSTM,282,7.102291584014893,6.753005504608154,0.3492860794067383
2025-05-20,0288.HK,LSTM,283,7.14932632446289,6.753998756408691,0.39532756805419833
2025-05-21,0288.HK,LSTM,284,7.233989715576173,6.7829766273498535,0.45101308822631925
2025-05-22,0288.HK,LSTM,285,7.139919757843018,6.836514949798584,0.3034048080444336
2025-05-23,0288.HK,LSTM,286,7.139919757843018,6.798405170440674,0.34151458740234375
2025-05-26,0288.HK,LSTM,287,7.074070453643798,6.803238868713379,0.27083158493041903
2025-05-27,0288.HK,LSTM,288,6.980000495910645,6.761790752410889,0.21820974349975675
2025-05-28,0288.HK,LSTM,289,7.045849323272705,6.6856770515441895,0.3601722717285156
2025-05-29,0288.HK,LSTM,290,7.177547931671142,6.717349529266357,0.46019840240478427
2025-05-30,0288.HK,LSTM,291,7.346873760223389,6.785309314727783,0.5615644454956055
2025-06-02,0288.HK,LSTM,292,7.186954498291016,6.89540433883667,0.2915501594543457
2025-06-03,0288.HK,LSTM,293,7.271617889404297,6.823815822601318,0.4478020668029785
2025-06-04,0288.HK,LSTM,294,7.281024932861328,6.880819797515869,0.400205135345459
2025-06-05,0288.HK,LSTM,295,7.469164848327638,6.902230739593506,0.5669341087341317
2025-06-06,0288.HK,LSTM,296,7.676118850708008,7.014610767364502,0.6615080833435059
2025-06-09,0288.HK,LSTM,297,7.600862979888916,7.171738147735596,0.4291248321533203
2025-06-10,0288.HK,LSTM,298,7.535014152526854,7.16804313659668,0.366971015930174
2025-06-11,0288.HK,LSTM,299,7.4973859786987305,7.153075695037842,0.34431028366088867
2025-06-12,0288.HK,LSTM,300,7.450350761413574,7.139868259429932,0.3104825019836426
2025-06-13,0288.HK,LSTM,301,7.4973859786987305,7.11395788192749,0.38342809677124023
2025-06-16,0288.HK,LSTM,302,7.619677066802978,7.134082794189453,0.4855942726135245
2025-06-17,0288.HK,LSTM,303,7.57264232635498,7.203072547912598,0.3695697784423819
2025-06-18,0288.HK,LSTM,304,7.440943717956543,7.193997859954834,0.24694585800170898
2025-06-19,0288.HK,LSTM,305,7.4973859786987305,7.097253799438477,0.4001321792602539
2025-06-20,0288.HK,LSTM,306,7.4973859786987305,7.135403633117676,0.3619823455810547
2025-06-23,0288.HK,LSTM,307,7.450350761413574,7.1389665603637695,0.3113842010498047
2025-06-24,0288.HK,LSTM,308,7.553827762603759,7.113070487976074,0.44075727462768466
2025-06-25,0288.HK,LSTM,309,7.610270023345947,7.165701389312744,0.4445686340332031
2025-06-26,0288.HK,LSTM,310,7.657305240631103,7.2071404457092285,0.4501647949218741
2025-06-27,0288.HK,LSTM,311,7.516200065612793,7.246762275695801,0.2694377899169922
2025-06-30,0288.HK,LSTM,312,7.403315544128418,7.156290531158447,0.2470250129699707
2025-07-02,0288.HK,LSTM,313,7.8642587661743155,7.074862003326416,0.7893967628478995
2025-07-03,0288.HK,LSTM,314,7.732561111450194,7.381219863891602,0.35134124755859286
2025-07-04,0288.HK,LSTM,315,7.57264232635498,7.315682411193848,0.2569599151611319
2025-07-07,0288.HK,LSTM,316,7.506793022155762,7.2097086906433105,0.29708433151245117
2025-07-08,0288.HK,LSTM,317,7.741967678070068,7.183595657348633,0.5583720207214355
2025-07-09,0288.HK,LSTM,318,7.789003372192383,7.310629844665527,0.47837352752685547
2025-07-10,0288.HK,LSTM,319,7.760782718658446,7.357077121734619,0.40370559692382724
2025-07-11,0288.HK,LSTM,320,7.789003372192383,7.3598127365112305,0.42919063568115234
2025-07-14,0288.HK,LSTM,321,7.914321422576904,7.386662006378174,0.5276594161987305
2025-07-15,0288.HK,LSTM,322,7.817922592163087,7.470523834228516,0.3473987579345712
2025-07-16,0288.HK,LSTM,323,7.885402202606201,7.431750774383545,0.45365142822265625
2025-07-17,0288.HK,LSTM,324,7.962521076202393,7.477475643157959,0.4850454330444336
2025-07-18,0288.HK,LSTM,325,8.039639472961426,7.534076690673828,0.5055627822875977
2025-07-21,0288.HK,LSTM,326,8.097477912902832,7.596237659454346,0.5012402534484863
2025-07-22,0288.HK,LSTM,327,8.14567756652832,7.6508564949035645,0.49482107162475586
2025-07-23,0288.HK,LSTM,328,8.087839126586914,7.700441360473633,0.38739776611328125
2025-07-24,0288.HK,LSTM,329,8.107118606567383,7.683540344238281,0.42357826232910156
2025-07-25,0288.HK,LSTM,330,8.039639472961426,7.704944610595703,0.33469486236572266
2025-07-28,0288.HK,LSTM,331,8.087839126586914,7.669875621795654,0.41796350479125977
2025-07-29,0288.HK,LSTM,332,8.222796440124512,7.700748443603516,0.5220479965209961
2025-07-30,0288.HK,LSTM,333,8.405954360961914,7.789759635925293,0.6161947250366211
2025-07-31,0288.HK,LSTM,334,8.560192108154297,7.922725200653076,0.6374669075012207
2025-08-01,0288.HK,LSTM,335,8.49271297454834,8.051783561706543,0.4409294128417969
2025-08-04,0288.HK,LSTM,336,8.473433494567871,8.041266441345215,0.43216705322265625
2025-08-05,0288.HK,LSTM,337,8.434873580932617,8.05417537689209,0.38069820404052734
2025-08-06,0288.HK,LSTM,338,8.299915313720703,8.043888092041016,0.2560272216796875
2025-08-07,0288.HK,LSTM,339,8.280635833740234,7.939311981201172,0.3413238525390625
2025-08-08,0288.HK,LSTM,340,8.290276527404785,7.937029838562012,0.35324668884277344
2025-08-11,0288.HK,LSTM,341,8.280635833740234,7.941141128540039,0.3394947052001953
2025-08-12,0288.HK,LSTM,342,8.184237480163574,7.932195663452148,0.2520418167114258
2025-08-13,0288.HK,LSTM,343,8.174596786499023,7.861178398132324,0.3134183883666992
2025-08-14,0288.HK,LSTM,344,8.097477912902832,7.853930473327637,0.2435474395751953
2025-08-15,0288.HK,LSTM,345,8.213157653808594,7.792669773101807,0.4204878807067871
2025-08-18,0288.HK,LSTM,346,8.251716613769531,7.865731716156006,0.3859848976135254
2025-08-19,0288.HK,LSTM,347,8.126399040222168,7.889270782470703,0.23712825775146484
2025-08-20,0288.HK,LSTM,348,8.203516960144043,7.7982072830200195,0.40530967712402344
2025-08-21,0288.HK,LSTM,349,8.029999732971191,7.854573726654053,0.17542600631713867
2025-08-22,0288.HK,LSTM,350,7.860000133514403,7.697287082672119,0.16271305084228427
2025-08-25,0288.HK,LSTM,351,7.920000076293945,7.569920539855957,0.3500795364379883
2025-08-26,0288.HK,LSTM,352,7.860000133514403,7.6263203620910645,0.23367977142333896
2025-08-27,0288.HK,LSTM,353,7.719999790191651,7.573620796203613,0.146378993988038
2025-08-28,0288.HK,LSTM,354,7.650000095367432,7.434634685516357,0.21536540985107422
2025-08-29,0288.HK,LSTM,355,7.3499999046325675,7.397965431213379,0.047965526580811435
2025-09-01,0288.HK,LSTM,356,7.550000190734863,7.046091556549072,0.503908634185791
2025-09-02,0288.HK,LSTM,357,7.389999866485595,7.231481075286865,0.15851879119872958
2025-09-03,0288.HK,LSTM,358,7.289999961853028,7.111658096313477,0.17834186553955167
2025-09-04,0288.HK,LSTM,359,7.369999885559081,7.0375213623046875,0.33247852325439364
2025-09-05,0288.HK,LSTM,360,7.3400001525878915,7.074118614196777,0.26588153839111417
2025-09-08,0288.HK,LSTM,361,7.309999942779542,7.046401023864746,0.2635989189147958
2025-09-09,0288.HK,LSTM,362,7.300000190734863,7.015335559844971,0.2846646308898926
2025-09-10,0288.HK,LSTM,363,7.400000095367431,6.996876239776611,0.4031238555908194
